dataset,split,doc_id,file_name,document_type,url,chars,words,approx_tokens,spans_count,annotation_sets_count,annotations_count,empty
contractnli,train,34,Annex E_Non-Disclosure and Confidentiality Agreement.pdf,search-pdf,https://www.ungm.org/UNUser/Documents/DownloadPublicDocument?docId=287983,8584,1315,2146,65,1,17,False
contractnli,train,86,CopAcc_NDA-and-ToP-Mentors_2.0_2017.pdf,search-pdf,http://www.copernicus-masters.com/wp-content/uploads/2017/07/CopAcc_NDA-and-ToP-Mentors_2.0_2017.pdf,14943,2015,3736,112,1,17,False
contractnli,train,87,Cyber Mutual Assistance NDA.pdf,search-pdf,https://www.electricitysubsector.org/-/media/Files/ESCC/Documents/CMA/Cyber-Mutual-Assistance-NDA.ashx?la=en&hash=E1B1FB222570EC29D102F11D7B26BA49EAB19789,14966,2188,3742,86,1,17,False
contractnli,train,88,DBT%20Mutual%20NDA.pdf,search-pdf,http://www.databoiler.com/index_htm_files/DBT%20Mutual%20NDA.pdf,7502,1077,1876,59,1,17,False
contractnli,train,89,Data Use Agreement New York City.pdf,search-pdf,http://www.astho.org/Programs/Infectious-Disease/Healthcare-Associated-Infections/Electronic-Health-Records/Toolkit/Data-Use-Agreement-New-York-City/,23379,3752,5845,213,1,17,False
contractnli,train,91,Dealer-Pay-NDA-4.pdf,search-pdf,https://www.dealer-pay.com/wp-content/uploads/2018/06/Dealer-Pay-NDA-4.pdf,14233,2063,3559,85,1,17,False
contractnli,train,92,Disclosure documents.pdf,search-pdf,http://www.sourcederbyshire.co.uk/download-document/1078,10208,1642,2552,94,1,17,False
contractnli,train,93,DoiT-ICN-NonDisclosure-Agreement.pdf,search-pdf,https://www2.illinois.gov/icn/services/institutions/Documents/DoiT-ICN-NonDisclosure-Agreement.pdf,3518,540,880,23,1,17,False
contractnli,train,94,EFCAConfidentialityAgreement.pdf,search-pdf,http://efca.com.au/wp-content/pdfs/EFCAConfidentialityAgreement.pdf,6383,982,1596,59,1,17,False
contractnli,train,95,Eskom%20Template%20Confidentiality%20and%20Non-disclosure%20Agreement%20Rev%204%20Effective%20August%202017_11.pdf,search-pdf,https://tenderbulletins.co.za/files/Eskom%20Template%20Confidentiality%20and%20Non-disclosure%20Agreement%20Rev%204%20Effective%20August%202017_11.pdf,19008,2870,4752,155,1,17,False
contractnli,train,96,contrato_ingles_corporativo_mal.pdf,search-pdf,http://www.eiranova.com/wp-content/uploads/2017/03/contrato_ingles_corporativo_mal.pdf,8178,1232,2045,48,1,17,False
contractnli,train,98,document_viewer.pdf,search-pdf,https://www.thebluemountains.ca/document_viewer.cfm?doc=21,10258,1592,2565,68,1,17,False
contractnli,train,100,epsteen_nda.pdf,search-pdf,http://epsteen.com/site/assets/files/1334/epsteen_nda.pdf,6475,928,1619,52,1,17,False
contractnli,train,101,EUNCL_NDA_2016.pdf,search-pdf,http://www.euncl.eu/working-with-us/submission-procedure/EUNCL_NDA_2016.pdf?m=1458234633,11232,1594,2808,97,1,17,False
contractnli,train,102,Evelozcity%20OESA%20NDA.pdf,search-pdf,https://www.oesa.org/sites/default/files/page/Evelozcity%20OESA%20NDA.pdf,7849,1153,1963,59,1,17,False
contractnli,train,103,Example-Mutual-Non-Disclosure-Agreement.pdf,search-pdf,https://assets.publishing.service.gov.uk/government/uploads/system/uploads/attachment_data/file/592212/Example-Mutual-Non-Disclosure-Agreement.pdf,3573,566,894,36,1,17,False
contractnli,train,104,Example-One-Way-Non-Disclosure-Agreement.pdf,search-pdf,https://assets.publishing.service.gov.uk/government/uploads/system/uploads/attachment_data/file/606993/Example-One-Way-Non-Disclosure-Agreement.pdf,3712,557,928,49,1,17,False
contractnli,train,105,ExcelerateStandardNDAFormat.pdf,search-pdf,http://itarhelp.com/pdfdownloads/ExcelerateStandardNDAFormat.pdf,10714,1662,2679,72,1,17,False
contractnli,train,106,FELLCNDAStandardAgreement-22015.pdf,search-pdf,http://flixentertainmentgroup.com/wp-content/uploads/2015/01/FELLCNDAStandardAgreement-22015.pdf,10762,1552,2691,73,1,17,False
contractnli,train,108,FNHA-2019RFP-02-NDA-form.pdf,search-pdf,http://www.fnha.ca/Documents/FNHA-2019RFP-02-NDA-form.pdf,5216,720,1304,45,1,17,False
contractnli,train,109,FSMAApprovedConfidentiality-MutualDistributor-FSMA4002.pdf,search-pdf,https://www.fsmaonline.com/assets/docs/FSMAApprovedConfidentiality-MutualDistributor-FSMA4002.pdf,12078,1764,3020,84,1,17,False
contractnli,train,110,Facility-Tour-Confidentiality-and-Non-Disclosure.pdf,search-pdf,https://www.swmoa.org/wp-content/uploads/Facility-Tour-Confidentiality-and-Non-Disclosure.pdf,2674,364,669,20,1,17,False
contractnli,train,111,Florida-Non-Disclosure-Agreement-NDA-Template.pdf,search-pdf,https://eforms.com/images/2018/02/Florida-Non-Disclosure-Agreement-NDA-Template.pdf,5075,715,1269,55,1,17,False
contractnli,train,112,Focus-Group-APIC-Seattle-Confidentiality-Agreement-031115.pdf,search-pdf,http://www.kenall.com/Kenall-Files/HTML-Images/PDFs/Focus-Group-APIC-Seattle-Confidentiality-Agreement-031115.pdf,2906,443,727,22,1,17,False
contractnli,train,113,FormEConfidentialityandNon.pdf,search-pdf,http://www.mccc.edu/nursing/documents/FormEConfidentialityandNon.pdf,10438,1561,2610,62,1,17,False
contractnli,train,114,GSAOP0309-Non-disclosure-agreement.pdf,search-pdf,https://www.gsa.europa.eu/sites/default/files/procurement/GSAOP0309-Non-disclosure-agreement.pdf,15989,2402,3998,213,1,17,False
contractnli,train,115,GTC_CEII_Non_Disclosure_Agmt_05111_revised.pdf,search-pdf,http://www.oatioasis.com/GTC/GTCdocs/GTC_CEII_Non_Disclosure_Agmt_05111_revised.pdf,13859,1961,3465,178,1,17,False
contractnli,train,116,Geheimhaltungsvereinbarung_Abschlussarbeiten_HFU_englisch.pdf,search-pdf,https://www.hs-furtwangen.de/fileadmin/Redaktion/Share/Formulare/Geheimhaltungsvereinbarung_Abschlussarbeiten_HFU_englisch.pdf,5253,804,1314,62,1,17,False
contractnli,train,118,GreenStorm%20NDCSC.pdf,search-pdf,http://www.greenstorm.com.au/PDF/GreenStorm%20NDCSC.pdf,10966,1592,2742,107,1,17,False
contractnli,train,119,Grindrod%20SA%20Confidentiality%20and%20Non-Disclosure%20Undertaking.pdf,search-pdf,http://www.grindrod.com/Uploads/Grindrod%20SA%20Confidentiality%20and%20Non-Disclosure%20Undertaking.pdf,5288,753,1322,38,1,17,False
contractnli,train,120,HALO-NDA.pdf,search-pdf,https://www.haloelectronics.com/pdf/HALO-NDA.pdf,4061,527,1016,52,1,17,False
contractnli,train,121,eulerhermes-nda.pdf,search-pdf,https://www.eulerhermes.com/content/dam/onemarketing/ehndbx/common/united-states/documents/other/eulerhermes-nda.pdf,6109,936,1528,38,1,17,False
contractnli,train,122,example-NDA-one-way-short-form-2012-1.pdf,search-pdf,http://www.newleaflaw.co.uk/wp-content/uploads/2012/04/example-NDA-one-way-short-form-2012-1.pdf,3583,550,896,43,1,17,False
contractnli,train,123,for-41-supplier-confidentiality-agreement-and-non-disclosure-agreement.pdf,search-pdf,https://www.gov.mb.ca/housing/pubs/procurement/for-41-supplier-confidentiality-agreement-and-non-disclosure-agreement.pdf,1856,264,464,23,1,17,False
contractnli,train,124,form_NondisclosureBlanket.pdf,search-pdf,https://www.rochester.edu/orpa/_assets/pdf/form_NondisclosureBlanket.pdf,4915,756,1229,33,1,17,False
contractnli,train,125,HNBA-2017-18-Confidentiality-Agreement.pdf,search-pdf,https://hnba.com/wp-content/uploads/2017/07/HNBA-2017-18-Confidentiality-Agreement.pdf,9780,1500,2445,54,1,17,False
contractnli,train,126,IBC-PMS-NDA-agreement.pdf,search-pdf,http://www.hcaiinfo.ca/Health-Care-Facility/documents/PMS/IBC-PMS-NDA-agreement.pdf,19716,2998,4929,116,1,17,False
contractnli,train,128,IGC-Non-Disclosure-Agreement-LSE-Sample.pdf,search-pdf,https://www.theigc.org/wp-content/uploads/2016/12/IGC-Non-Disclosure-Agreement-LSE-Sample.pdf,17104,2539,4276,164,1,17,False
contractnli,train,130,INFOMAGNET%20NDA.pdf,search-pdf,https://www.infomagnet.com/sites/default/files/INFOMAGNET%20NDA.pdf,8284,1160,2071,62,1,17,False
contractnli,train,131,IPTK-CO-MutualNon-DisclosureAgreement.pdf,search-pdf,http://cobaltlaw.com/wp-content/uploads/IPTK-CO-MutualNon-DisclosureAgreement.pdf,13538,2059,3385,88,1,17,False
contractnli,train,132,Inaturals_NDA.pdf,search-pdf,http://www.inaturalscience.com/wp-content/uploads/2018/10/Inaturals_NDA.pdf,5204,745,1301,44,1,17,False
contractnli,train,133,JB-Machine-LLC-NDA-1.pdf,search-pdf,http://www.jb-machine.com/wp-content/uploads/2011/05/JB-Machine-LLC-NDA-1.pdf,17265,2602,4317,122,1,17,False
contractnli,train,134,JBF_NDA_rev-2017033-1.pdf,search-pdf,http://justbiofiber.ca/wp-content/uploads/2019/01/JBF_NDA_rev-2017033-1.pdf,10703,1558,2676,53,1,17,False
contractnli,train,135,JHUNDABilateral.pdf,search-pdf,https://www.autm.net/AUTMMain/media/About/Documents/JHUNDABilateral.pdf,5060,729,1265,73,1,17,False
contractnli,train,136,Kenway-NDA-Form-Blank.pdf,search-pdf,https://www.kenway.com/wp-content/uploads/2018/04/Kenway-NDA-Form-Blank.pdf,19024,2957,4756,146,1,17,False
contractnli,train,137,Kerber_Non_Disclosure_Agreement.pdf,search-pdf,http://www.kerberresearch.com/files/Kerber_Non_Disclosure_Agreement.pdf,4849,725,1213,46,1,17,False
contractnli,train,139,LSP-data-protection-form.drc_.pdf,search-pdf,http://www.deafnessresourcecentre.org/wp-content/uploads/2016/12/LSP-data-protection-form.drc_.pdf,4894,709,1224,53,1,17,False
contractnli,train,141,Lead-NDA.pdf,search-pdf,https://www.albright-ip.co.uk/wp-content/uploads/2019/04/Lead-NDA.pdf,3589,540,898,33,1,17,False
contractnli,train,142,LiiON%20NDA%202-27-2015%20v1.0.pdf,search-pdf,http://www.liionllc.com/pdf/LiiON%20NDA%202-27-2015%20v1.0.pdf,12221,1878,3056,85,1,17,False
contractnli,train,143,MelbourneDatathon2017NDA.pdf,search-pdf,http://www.datasciencemelbourne.com/datathon/wp-content/uploads/2014/12/MelbourneDatathon2017NDA.pdf,6121,866,1531,58,1,17,False
contractnli,train,144,helpjuice_production%2Fuploads%2Fupload%2Fimage%2F2329%2Fdirect%2F1526996160411-FullStory+Mutual+Non-Disclosure+Agreement+2018.pdf,search-pdf,https://s3.amazonaws.com/helpjuice-static/helpjuice_production%2Fuploads%2Fupload%2Fimage%2F2329%2Fdirect%2F1526996160411-FullStory+Mutual+Non-Disclosure+Agreement+2018.pdf,10151,1543,2538,57,1,17,False
contractnli,train,145,icc-court-non-disclosure-agreement-english.pdf,search-pdf,https://cdn.iccwbo.org/content/uploads/sites/3/2018/08/icc-court-non-disclosure-agreement-english.pdf,10576,1539,2644,85,1,17,False
contractnli,train,146,ingram-non-disclosure.pdf,search-pdf,http://www.societyofauthors.org/SOA/MediaLibrary/SOAWebsite/Events/ingram-non-disclosure.pdf,4611,648,1153,35,1,17,False
contractnli,train,147,isca-nda.pdf,search-pdf,https://isca.org.sg/media/2240674/isca-nda.pdf,13011,1772,3253,152,1,17,False
contractnli,train,148,khronos-mutual-nda.pdf,search-pdf,https://www.khronos.org/files/khronos-mutual-nda.pdf,7226,1074,1807,54,1,17,False
contractnli,train,149,lti-two-way-cda-template.pdf,search-pdf,https://www.lyotechnology.com/assets/lti-two-way-cda-template.pdf,8936,1338,2234,61,1,17,False
contractnli,train,150,mcgill_mitacs_terms-january2013.pdf,search-pdf,https://www.mitacs.ca/sites/default/files/mcgill_mitacs_terms-january2013.pdf,24293,3735,6074,161,1,17,False
contractnli,train,151,MNDA-V2-2-25-15.pdf,search-pdf,https://partners.adp.com/files/MNDA-V2-2-25-15.pdf,12539,1891,3135,74,1,17,False
contractnli,train,153,MR_NON-DISCLOSURE-AGREEMENT.pdf,search-pdf,http://www.mr-automation.com/wp-content/uploads/2016/10/MR_NON-DISCLOSURE-AGREEMENT.pdf,8803,1352,2201,77,1,17,False
contractnli,train,154,MUTUAL-CONFIDENTIAL-NON-DISCLOSURE.pdf,search-pdf,http://carleton.ca/curo/wp-content/uploads/MUTUAL-CONFIDENTIAL-NON-DISCLOSURE.pdf,8272,1247,2068,70,1,17,False
contractnli,train,155,MUTUAL-NDA-Form-2.pdf,search-pdf,http://seabrookpartnersllc.com/wp-content/uploads/2017/12/MUTUAL-NDA-Form-2.pdf,7168,1100,1792,47,1,17,False
contractnli,train,156,MUTUAL-NON-CIRCUMVENT-and-NON-DISCLOSURE-20.pdf,search-pdf,http://www.thesunterragroup.com/wp-content/uploads/MUTUAL-NON-CIRCUMVENT-and-NON-DISCLOSURE-20.pdf,10448,1494,2612,51,1,17,False
contractnli,train,158,Model%20NDA%20(recommended%20by%20SWA).pdf,search-pdf,https://www.swaindia.org/pdf/Model%20NDA%20(recommended%20by%20SWA).pdf,11230,1676,2808,60,1,17,False
contractnli,train,159,Mutual%20NDA_Confidentiality.pdf,search-pdf,http://www.hicoamerica.com/documentation/Mutual%20NDA_Confidentiality.pdf,10644,1597,2661,70,1,17,False
contractnli,train,160,Mutual%20Non%20Disclosure%20Agreement_0.pdf,search-pdf,https://www.cvssuppliers.com/sites/default/files/Mutual%20Non%20Disclosure%20Agreement_0.pdf,12036,1835,3009,68,1,17,False
contractnli,train,161,Mutual%20Non-Disclosure%20Agreement.pdf,search-pdf,https://samsungknox.com/knoxportal/files/partner-portal/Mutual%20Non-Disclosure%20Agreement.pdf,14081,2183,3521,85,1,17,False
contractnli,train,162,Mutual%20confidentiality%20and%20NDA%20-%20Final%20(2)%20(6)%2003%20July%202015.pdf,search-pdf,http://old.transnetengineering.net/Supply/Lists/Tenders/Attachments/354/Mutual%20confidentiality%20and%20NDA%20-%20Final%20(2)%20(6)%2003%20July%202015.pdf,40672,6096,10168,341,1,17,False
contractnli,train,163,Mutual+Confidentiality+Agreement_1.pdf,search-pdf,http://www.bmcsoftware.es/content/dam/bmc/corporate/Mutual+Confidentiality+Agreement.pdf,11355,1701,2839,86,1,17,False
contractnli,train,164,Mutual-Non-Disclosure-Agreement-EN.pdf,search-pdf,https://www.iprhelpdesk.eu/sites/default/files/newsdocuments/Mutual-Non-Disclosure-Agreement-EN.pdf,13723,2059,3431,102,1,17,False
contractnli,train,166,MutualNDA_The_Knights_of_Unity.pdf,search-pdf,https://www.theknightsofunity.com/files/MutualNDA_The_Knights_of_Unity.pdf,12634,1932,3159,58,1,17,False
contractnli,train,167,MutualNDA_Website.pdf,search-pdf,https://agxfreight.com/wp-content/uploads/2017/11/MutualNDA_Website.pdf,4803,705,1201,38,1,17,False
contractnli,train,168,MutualNonDisclosureAgreement0104.pdf,search-pdf,http://www.incentia.com/support/MutualNonDisclosureAgreement0104.pdf,5164,720,1291,54,1,17,False
contractnli,train,169,Mutual_Nondisclosure_Agreement.pdf,search-pdf,http://www.northeastern.edu/general-counsel/docs/Mutual_Nondisclosure_Agreement.pdf,16693,2487,4174,104,1,17,False
contractnli,train,170,NCDG_Non-disclosure-agreement.pdf,search-pdf,http://cdg.nic.in/img/NCDG_Non-disclosure-agreement.pdf,13444,2058,3361,104,1,17,False
contractnli,train,171,NDA_-_GWI_-_Technohubs_version_V1.pdf,search-pdf,http://www.ncl.kzntechnohubs.co.za/images/Downloads/NDA_-_GWI_-_Technohubs_version_V1.pdf,6372,982,1593,95,1,17,False
contractnli,train,172,NDA_10.pdf,search-pdf,http://www.goldoded.com/image/users/186704/ftp/my_files/Nechasim/Sybil%20Germany%20public%20Co%20Limited/NDA.pdf?id=8535435,11267,1752,2817,78,1,17,False
contractnli,train,173,NDA_13.pdf,search-pdf,http://www.businessinnovationgroup.com.au/wp-content/uploads/2013/10/NDA.pdf,7482,1117,1871,64,1,17,False
contractnli,train,174,NDA_17.pdf,search-pdf,http://www.room2rent.net.nz/images/NDA.pdf,9262,1432,2316,103,1,17,False
contractnli,train,176,NDA_5.pdf,search-pdf,http://web.mit.edu/andersk/Public/NDA.pdf,3563,501,891,32,1,17,False
contractnli,train,177,NDA_6.pdf,search-pdf,http://www.wrtsfranchise.com/wp-content/uploads/2014/03/NDA.pdf,6980,1005,1745,51,1,17,False
contractnli,train,178,NDA_7.pdf,search-pdf,http://www.seyed.tech/EPC/theory/NDA.pdf,4397,697,1100,37,1,17,False
contractnli,train,179,mnda-1110.pdf,search-pdf,https://www.air-watch.com/downloads/legal/mnda-1110.pdf,8704,1306,2176,47,1,17,False
contractnli,train,180,modelnondisclosureagreement1.pdf,search-pdf,https://www.ons.gov.uk/file?uri=%2Faboutus%2Ftransparencyandgovernance%2Ffreedomofinformationfoi%2Fconflictsofinterest%2Fmodelnondisclosureagreement1.pdf,4343,641,1086,38,1,17,False
contractnli,train,182,mutual_non_disclosure_agreement-20171020.pdf,search-pdf,https://www.spadesoleil.com/media/downloads/mutual_non_disclosure_agreement-20171020.pdf,10463,1584,2616,85,1,17,False
contractnli,train,183,nda_1.pdf,search-pdf,https://www.sanmina.com/wp-content/uploads/2016/04/nda.pdf,9393,1368,2349,78,1,17,False
contractnli,train,184,nda_11.pdf,search-pdf,https://www.secure-transportation.co.uk/uploads/3/1/0/8/31083899/nda.pdf,6443,960,1611,62,1,17,False
contractnli,train,186,nda_16.pdf,search-pdf,https://www.rm.dk/siteassets/om-os/a_udbud/hardware-til-prahospitale-koretojer_2/nda.pdf,7570,1120,1893,78,1,17,False
contractnli,train,187,nda_2.pdf,search-pdf,http://www.sonnyboo.com/downloads/individ/nda.pdf,6690,1026,1673,63,1,17,False
contractnli,train,188,nda_3.pdf,search-pdf,https://www.arin.net/about/corporate/agreements/nda.pdf,6566,1014,1642,56,1,17,False
contractnli,train,189,nda_8.pdf,search-pdf,http://www.wareworks.net/downloads/nda.pdf,10827,1716,2707,74,1,17,False
contractnli,train,191,NDA%2009%20for%20website.pdf,search-pdf,http://www.solubest.com/media/NDA%2009%20for%20website.pdf,8255,1237,2064,44,1,17,False
contractnli,train,192,NDA%20Form%20WEB_WITH%20Instructions%20%28RECIPROCAL%29%20%28v%202016-03-18_EN%29.pdf,search-pdf,https://tbdo.crg.eu/sites/default/files/NDA%20Form%20WEB_WITH%20Instructions%20%28RECIPROCAL%29%20%28v%202016-03-18_EN%29.pdf,12575,1853,3144,67,1,17,False
contractnli,train,193,NDA%20UDRC%203-way%20Final.pdf,search-pdf,https://udrc.eng.ed.ac.uk/sites/udrc.eng.ed.ac.uk/files/publications/NDA%20UDRC%203-way%20Final.pdf,10379,1605,2595,74,1,17,False
contractnli,train,194,NDA%20for%20Tender%20Ref%202201000050.pdf,search-pdf,http://www.singaporepools.com.sg/en/tnq/Lists/QuotationTenderAttachmentFiles/Attachments/893/NDA%20for%20Tender%20Ref%202201000050.pdf,11531,1695,2883,97,1,17,False
contractnli,train,195,NDA-2015-2.pdf,search-pdf,http://www.marsdd.com/wp-content/uploads/2014/04/NDA-2015-2.pdf,5952,907,1488,31,1,17,False
contractnli,train,196,NDA-2016-DAB.pdf,search-pdf,http://www.switchdigital.com/wp-content/uploads/2016/05/NDA-2016-DAB.pdf,11805,1884,2952,98,1,17,False
contractnli,train,197,NDA-Agreement-NPAF.pdf,search-pdf,http://npaf.ca/wp-content/uploads/2013/12/NDA-Agreement-NPAF.pdf,15645,2343,3912,95,1,17,False
contractnli,train,198,NDA-Artop-Inno-2017.pdf,search-pdf,http://www.artopcn.com/pdf/NDA-Artop-Inno-2017.pdf,7290,1096,1823,70,1,17,False
contractnli,train,199,NDA-Broker-Seller-for-Company-6-19-17.pdf,search-pdf,https://ast.com/wp-content/uploads/2019/02/NDA-Broker-Seller-for-Company-6-19-17.pdf,10544,1597,2636,65,1,17,False
contractnli,train,200,NDA-CRG-ALL-2.pdf,search-pdf,https://www.corbettrestaurantgroup.com/static/app/pdf/NDA-CRG-ALL-2.pdf,6980,1029,1745,65,1,17,False
contractnli,train,201,NDA-Dollar-General-Portfolio.pdf,search-pdf,https://www.thekasegroup.com/wp-content/uploads/2015/10/NDA-Dollar-General-Portfolio.pdf,8365,1263,2092,85,1,17,False
contractnli,train,202,NDA-Fintricity-Blank.pdf,search-pdf,http://www.fintricity.com/wp-content/uploads/2017/02/NDA-Fintricity-Blank.pdf,11720,1820,2930,85,1,17,False
contractnli,train,203,NDA-Instructions-Agreement-Attachment.pdf,search-pdf,http://tjpa.org/uploads/2017/01/NDA-Instructions-Agreement-Attachment.pdf,20128,2861,5032,174,1,17,False
contractnli,train,204,NDA-M5-Systems.pdf,search-pdf,http://www.m5computersecurity.com/partners/NDA-M5-Systems.pdf,6365,935,1592,53,1,17,False
contractnli,train,206,NDA-ONSemi_IndustryAnalystConf-2011.pdf,search-pdf,http://www.onsemi.com/site/pdf/NDA-ONSemi_IndustryAnalystConf-2011.pdf,9359,1337,2340,70,1,17,False
contractnli,train,207,NDA-Prasad.pdf,search-pdf,http://www.inspiredresearch.com/doc/NDA-Prasad.pdf,6005,848,1502,54,1,17,False
contractnli,train,208,NDA-ROI-Corporation.pdf,search-pdf,http://roicorp.com/wp-content/uploads/2013/01/NDA-ROI-Corporation.pdf,4809,688,1203,25,1,17,False
contractnli,train,209,NDA-STP-Performance-Coating-revC.pdf,search-pdf,https://www.performancecoating.com/wp-content/uploads/2016/12/NDA-STP-Performance-Coating-revC.pdf,11179,1644,2795,80,1,17,False
contractnli,train,210,NDA-Seeed.pdf,search-pdf,https://statics3.seeedstudio.com/fusion/evelyn/NDA-Seeed.pdf,10932,1638,2733,80,1,17,False
contractnli,train,211,NDA-SqillerBetaTesters.pdf,search-pdf,https://sqillerapp.com/NDA-SqillerBetaTesters.pdf,7928,1192,1982,66,1,17,False
contractnli,train,214,NDA-editable.pdf,search-pdf,http://www.mariposalabs.com/cmsdocuments/NDA-editable.pdf,3821,556,956,48,1,17,False
contractnli,train,215,NDA-for-Gar-Kenyon-Suppliers.pdf,search-pdf,https://garkenyon.com/wp-content/uploads/2011/04/NDA-for-Gar-Kenyon-Suppliers.pdf,5220,787,1305,36,1,17,False
contractnli,train,216,NDA-standard.pdf,search-pdf,https://imobisoft.co.uk/wp-content/uploads/2017/07/NDA-standard.pdf,9253,1379,2314,67,1,17,False
contractnli,train,217,NDA.pdf,search-pdf,https://framesdata.com/documents/NDA.pdf,4559,700,1140,41,1,17,False
contractnli,train,219,NDATC.pdf,search-pdf,https://www.kimberly-clark.com/documents/NDATC.pdf,6147,919,1537,42,1,17,False
contractnli,train,220,NDATyre%20Plant.pdf,search-pdf,http://international.go-dove.com/data/Auctions/Auction19472/documents/NDATyre%20Plant.pdf,12801,1976,3201,145,1,17,False
contractnli,train,221,NDA_118.pdf,search-pdf,https://www.magnetforensics.com/wp-content/uploads/2018/01/NDA_118.pdf,10749,1628,2688,71,1,17,False
contractnli,train,222,NDA_22.pdf,search-pdf,http://www.creditintel.co.za/NDA.pdf,12471,2011,3118,120,1,17,False
contractnli,train,223,NDA_English.pdf,search-pdf,https://www.cae.com/media/documents/NDA_English.pdf,10279,1598,2570,60,1,17,False
contractnli,train,224,NDA_Mutual_template2_5_2019.pdf,search-pdf,https://www.tntech.edu/research/pdf/researchcompliance/NDA_Mutual_template2_5_2019.pdf,11882,1753,2971,58,1,17,False
contractnli,train,226,NDA_Sample.pdf,search-pdf,http://www.amemoryjog.com/NDA_Sample.pdf,4519,620,1130,44,1,17,False
contractnli,train,229,NDA_VPI.pdf,search-pdf,http://www.vladi-private-islands.de/pdf/NDA_VPI.pdf,3907,546,977,42,1,17,False
contractnli,train,230,NDA_and_assgmnt_of_ipMar2011.pdf,search-pdf,https://cisloandthomas.com/wp-content/uploads/2012/08/NDA_and_assgmnt_of_ipMar2011.pdf,9551,1459,2388,63,1,17,False
contractnli,train,231,NDA_eng.pdf,search-pdf,https://olportal.ai/static/media/NDA_eng.pdf,9706,1444,2427,62,1,17,False
contractnli,train,232,NDA_for_Raffles_Translation_Website.pdf,search-pdf,http://rafflestranslation.com.sg/wp-content/uploads/2018/06/NDA_for_Raffles_Translation_Website.pdf,9767,1448,2442,68,1,17,False
contractnli,train,233,NDA_template.pdf,search-pdf,http://youwillneverworkagain.com/resources/pdfs/NDA_template.pdf,6216,889,1554,47,1,17,False
contractnli,train,234,NDCA.pdf,search-pdf,http://www.tameracq.com/bb/NDCA.pdf,3615,518,904,30,1,17,False
contractnli,train,235,NDD.pdf,search-pdf,https://documents.acer-remit.eu/wp-content/uploads/NDD.pdf,4050,581,1013,22,1,17,False
contractnli,train,236,nda-employee-template.pdf,search-pdf,https://www.cmu.edu/osp/contracts/contracts-forms/nda-employee-template.pdf,11480,1699,2870,81,1,17,False
contractnli,train,237,nda-format-approved-by-legal-section.pdf,search-pdf,https://canarabank.com/media/7720/nda-format-approved-by-legal-section.pdf,10461,1589,2616,60,1,17,False
contractnli,train,238,nda2.pdf,search-pdf,http://oz.stern.nyu.edu/startups/nda2.pdf,7600,1146,1900,57,1,17,False
contractnli,train,239,nda_19.pdf,search-pdf,http://www.xczone.com/nda.pdf,2040,266,510,27,1,17,False
contractnli,train,240,nda_form_motorola.pdf,search-pdf,http://ifma-chicago.org/downloads/nda_form_motorola.pdf,2711,383,678,42,1,17,False
contractnli,train,241,nda_gtl_inria.pdf,search-pdf,http://194.199.18.197/bundles/gtlweb/documents/nda_gtl_inria.pdf,4557,675,1140,60,1,17,False
contractnli,train,242,nda_pine__en.pdf,search-pdf,http://pineaudit.eu/Download.ashx?url=%2Fmedia%2F71804%2Fnda_pine__en.pdf,8547,1297,2137,80,1,17,False
contractnli,train,243,nda_template_final.pdf,search-pdf,https://www.welfaretech.dk/media/6895/nda_template_final.pdf,14077,1945,3520,132,1,17,False
contractnli,train,244,NEW_moi_ndform.pdf,search-pdf,http://abcnews.go.com/images/GMA/NEW_moi_ndform.pdf,7379,1120,1845,47,1,17,False
contractnli,train,245,NMLS%20Accessibility%20NDA.pdf,search-pdf,https://nationwidelicensingsystem.org/news/Documents/NMLS%20Accessibility%20NDA.pdf,14937,2204,3735,77,1,17,False
contractnli,train,246,NON-DISCLOSURE-AGREEMENT_13.pdf,search-pdf,https://lawforall.co.za/wp-content/uploads/2020/04/NON-DISCLOSURE-AGREEMENT.pdf,3675,585,919,52,1,17,False
contractnli,train,247,NON-Disclosure_Agreement_2.pdf,search-pdf,https://www.cert-in.org.in/PDF/NON-Disclosure_Agreement.pdf,14957,2206,3740,120,1,17,False
contractnli,train,248,NON_DISCLOSURE_AGREEMENT_5.pdf,search-pdf,https://www.startupindia.gov.in/content/dam/invest-india/Templates/public/Tools_templates/internal_templates/Lets_Venture/NON_DISCLOSURE_AGREEMENT.pdf,7260,1121,1815,49,1,17,False
contractnli,train,249,New_York_City_Bar_Association_Model_Form_of_Non-Disclosure_Agreement_2015.pdf,search-pdf,https://www.nycbar.org/pdf/report/New_York_City_Bar_Association_Model_Form_of_Non-Disclosure_Agreement_2015.pdf,33404,5169,8351,189,1,17,False
contractnli,train,250,Non Disclosure Agreement - CP Specific NDA (CreativeNDA-CPS121.1014).pdf,search-pdf,https://www.creativepultrusions.com/index.cfm/group-policy/non-disclosure-agreement/,19253,2969,4814,150,1,17,False
contractnli,train,251,Non-Discl_Reciprocal_2.pdf,search-pdf,https://www.sparkinnovations.com/wp-content/uploads/2015/06/Non-Discl_Reciprocal_2.pdf,6301,885,1576,62,1,17,False
contractnli,train,252,Non-Disclosure-Agreement-1.pdf,search-pdf,https://www.vedrova.be/wp-content/uploads/2017/02/Non-Disclosure-Agreement-1.pdf,3126,487,782,27,1,17,False
contractnli,train,253,Non-Disclosure-Agreement-9-1-2018.pdf,search-pdf,http://www.eica-us.org/wp-content/uploads/2018/10/Non-Disclosure-Agreement-9-1-2018.pdf,6653,1040,1664,41,1,17,False
contractnli,train,254,Non-Disclosure-Agreement_10.pdf,search-pdf,http://pcatechnology.com/wp-content/uploads/2011/11/Non-Disclosure-Agreement.pdf,6621,987,1656,48,1,17,False
contractnli,train,255,Non-Disclosure-Agreement_11.pdf,search-pdf,http://thelifelinecanada.ca/wp-content/uploads/2019/03/Non-Disclosure-Agreement.pdf,11830,1696,2958,76,1,17,False
contractnli,train,256,Non-Disclosure-Agreement_12.pdf,search-pdf,http://www.ccpdt.org/wp-content/uploads/2015/01/Non-Disclosure-Agreement.pdf,8740,1226,2185,59,1,17,False
contractnli,train,257,Non-Disclosure-Agreement_3.pdf,search-pdf,https://kissthismakeup.com/wp-content/uploads/2017/03/Non-Disclosure-Agreement.pdf,9070,1319,2268,100,1,17,False
contractnli,train,258,Non-Disclosure-Agreement_4.pdf,search-pdf,https://kodiak.aero/wp-content/uploads/2017/07/Non-Disclosure-Agreement.pdf,21911,3260,5478,140,1,17,False
contractnli,train,259,Non-Disclosure-Agreement_6.pdf,search-pdf,https://carter-logistics.com/wp-content/uploads/Non-Disclosure-Agreement.pdf,2696,370,674,28,1,17,False
contractnli,train,260,Non-Disclosure-Agreement_ALL_englisch.pdf,search-pdf,http://www.bomatec.com/wp-content/uploads/2017/02/Non-Disclosure-Agreement_ALL_englisch.pdf,6008,886,1502,95,1,17,False
contractnli,train,261,Non-Disclosure-Agreement_PreviewOnly.pdf,search-pdf,http://www.transnetfreightrail.co.za/Website/tender_pdf/Non-Disclosure-Agreement_PreviewOnly.pdf,11920,1843,2980,107,1,17,False
contractnli,train,262,Non-Disclosure_Agreement_oct2009.pdf,search-pdf,http://www.heraldry.ca/database/Non-Disclosure_Agreement_oct2009.pdf,3531,437,883,48,1,17,False
contractnli,train,263,Non-Disclosure_Agreement_one_way_2014.pdf,search-pdf,https://cheminstruments.com/media/wysiwyg/Non-Disclosure_Agreement_one_way_2014.pdf,9250,1402,2313,52,1,17,False
contractnli,train,264,Non-disclosure-Agreement_7.pdf,search-pdf,https://marialassociates.com/wp-content/uploads/2018/05/Non-disclosure-Agreement.pdf,5083,806,1271,44,1,17,False
contractnli,train,265,Non-disclosure-Agreement_9.pdf,search-pdf,https://www.booster-precision.com/files/booster/files/Non-disclosure-Agreement.pdf,6875,1062,1719,50,1,17,False
contractnli,train,267,Non_Disclosure_Agreement_1.pdf,search-pdf,https://udayton.edu/finadmin/_resources/docs/purchasing_and_business_services/documents/Non_Disclosure_Agreement.pdf,9240,1361,2310,69,1,17,False
contractnli,train,268,Non_Disclosure_Agreement_2.pdf,search-pdf,https://www.cwfletcher.co.uk/uploads/cwfletcher_sub/downloads/files/Non_Disclosure_Agreement.pdf,9905,1500,2477,77,1,17,False
contractnli,train,269,Non_Disclosure_Agreement_3.pdf,search-pdf,https://www.mmgrp.co.uk/i/downloads/Non_Disclosure_Agreement.pdf,6107,933,1527,47,1,17,False
contractnli,train,270,Non_Disclosure_Canada_BC.pdf,search-pdf,http://www.cccabc.bc.ca/act/actions/2007/NFS/Non_Disclosure_Canada_BC.pdf,6582,915,1646,51,1,17,False
contractnli,train,271,Non_disclodure_contract.pdf,search-pdf,https://www.ebz-group.com/images/pdf/Downloads_EBZ_Gruppe/Non_disclodure_contract.pdf,6015,934,1504,43,1,17,False
contractnli,train,272,nistmodelndareceiptofproprietaryinformationv20162fillableforwebsitedoc003pdf.pdf,search-pdf,https://www.nist.gov/document/nistmodelndareceiptofproprietaryinformationv20162fillableforwebsitedoc003pdf,5940,860,1485,77,1,17,False
contractnli,train,273,non-disclosure-agreement_1.pdf,search-pdf,https://www.mmc.com/content/dam/mmc-web/Files/non-disclosure-agreement.pdf,27459,4466,6865,195,1,17,False
contractnli,train,274,non-disclosure-agreement_2.pdf,search-pdf,https://www.mtu.edu/research/references/training/docs-new/non-disclosure-agreement.pdf,7912,1163,1978,82,1,17,False
contractnli,train,275,non-disclosure-agreement_5.pdf,search-pdf,https://kennetik.com/non-disclosure-agreement.pdf,10645,1631,2662,76,1,17,False
contractnli,train,276,non-disclosure-agreement_8.pdf,search-pdf,https://d3pbdh1dmixop.cloudfront.net/pdfexpert/img/howto/templates/pdf/non-disclosure-agreement.pdf,6980,946,1745,71,1,17,False
contractnli,train,277,non-disclosure_201302814_english_.pdf,search-pdf,https://buyandsell.gc.ca/cds/public/2013/08/12/b427c8fc1eaa3344755074cd47c213e1/non-disclosure_201302814_english_.pdf,7094,1069,1774,72,1,17,False
contractnli,train,278,non-disclosure_agreement.pdf,search-pdf,http://shanebarr-nwrc.weebly.com/uploads/4/1/5/0/41509027/non-disclosure_agreement.pdf,1862,235,466,25,1,17,False
contractnli,train,279,non-disclosure_agreement_1.pdf,search-pdf,http://www.sdss4seoul.com/uploads/1/1/7/9/117969623/non-disclosure_agreement.pdf,5886,895,1472,50,1,17,False
contractnli,train,280,non-disclosure_confidentiality_agreement.pdf,search-pdf,https://procurement.osce.org/file/213471/download?token=2Xn9tTKl,8430,1231,2108,78,1,17,False
contractnli,train,281,NRSC_2015_NDAForm.pdf,search-pdf,https://www.atis.org/01_committ_forums/nrsc/docs/NRSC_2015_NDAForm.pdf,18053,2739,4514,99,1,17,False
contractnli,train,282,NU%20Confidentiality%20Non-Disclosure%20%20Information%20Security%20Agreement%20Final%20....pdf,search-pdf,https://www.unomaha.edu/human-resources/_documents/Recruitment_Hiring/NU%20Confidentiality%20Non-Disclosure%20%20Information%20Security%20Agreement%20Final%20....pdf,6145,914,1537,37,1,17,False
contractnli,train,283,NUSD-Non-Disclosure-Agreement.pdf,search-pdf,https://natomasunified.org/content/uploads/2017/05/NUSD-Non-Disclosure-Agreement.pdf,11522,1606,2881,90,1,17,False
contractnli,train,284,Non%20Disclosure%20Agreement_1.pdf,search-pdf,https://www.augusta.edu/services/legal/Non%20Disclosure%20Agreement_1.pdf,3501,501,876,36,1,17,False
contractnli,train,285,Non-Disclosure%20Agreement%202015.pdf,search-pdf,http://icoca.ch/sites/default/files/resources/Non-Disclosure%20Agreement%202015.pdf,5587,810,1397,31,1,17,False
contractnli,train,286,Non-Disclosure%20Agreement_3.pdf,search-pdf,http://www.grnind.com/assets/downloads/Non-Disclosure%20Agreement.pdf,10922,1614,2731,76,1,17,False
contractnli,train,287,Non-Disclosure%20Agreement_5.pdf,search-pdf,https://www.openaccess.co.za/BlackAndWhiteInc/Non-Disclosure%20Agreement.pdf,13664,2008,3416,77,1,17,False
contractnli,train,288,Non-Disclosure-Agreement-FORS-Cert-Body.pdf,search-pdf,https://www.fors-online.org.uk/cms/wp-content/uploads/2018/07/Non-Disclosure-Agreement-FORS-Cert-Body.pdf,6518,991,1630,75,1,17,False
contractnli,train,290,Non-Disclosure-Agreement-v1.pdf,search-pdf,https://technaut.co.uk/wp-content/uploads/2017/12/Non-Disclosure-Agreement-v1.pdf,3452,500,863,29,1,17,False
contractnli,train,291,Non-Disclosure-Agreement.pdf,search-pdf,https://www.tompkinscortland.edu/sites/default/files/documents/Non-Disclosure-Agreement.pdf,6546,938,1637,50,1,17,False
contractnli,train,292,Non-Disclosure-NDA-UW-Oshkosh_FINALV2.pdf,search-pdf,https://uwosh.edu/sponsoredprograms/wp-content/uploads/sites/29/2019/05/Non-Disclosure-NDA-UW-Oshkosh_FINALV2.pdf,8040,1228,2010,59,1,17,False
contractnli,train,294,Non-Disclosure-SmartCMS.pdf,search-pdf,https://www.ihis.com.sg/SmartCMS_Programme/Documents/Non-Disclosure-SmartCMS.pdf,24757,3946,6190,188,1,17,False
contractnli,train,295,Non-Disclosure-form.pdf,search-pdf,https://careers.state.gov/wp-content/uploads/2016/02/Non-Disclosure-form.pdf,1480,211,370,18,1,17,False
contractnli,train,297,Non-disclosure%20Agreement_1.pdf,search-pdf,http://cfcanada.fticonsulting.com/Blaze/docs/Non-disclosure%20Agreement.pdf,25341,3940,6336,138,1,17,False
contractnli,train,298,Non-disclosure%20agreement_2.pdf,search-pdf,https://www.microkerf.co.uk/files/Non-disclosure%20agreement.pdf,10039,1504,2510,77,1,17,False
contractnli,train,299,Non-disclosure.pdf,search-pdf,http://rossmoncure.com/documents/Non-disclosure.pdf,3977,548,995,42,1,17,False
contractnli,train,300,NonDisEC12212010.pdf,search-pdf,https://www.rit.edu/fa/procurement/sites/rit.edu.fa.procurement/files/forms/NonDisEC12212010.pdf,9565,1439,2392,68,1,17,False
contractnli,train,302,NonDisclosureAgreement_1.pdf,search-pdf,http://www.domel.com/resources/files/NonDisclosureAgreement.pdf,5253,808,1314,57,1,17,False
contractnli,train,303,NondisclosureAgreement_2.pdf,search-pdf,http://164.100.161.230/sites/default/files/pdf/NondisclosureAgreement.pdf,14774,2200,3694,117,1,17,False
contractnli,train,304,O00216-000899A.pdf,search-pdf,http://cams.ocgov.com/Web_Publisher/Agenda07_26_2016_files/images/O00216-000899A.PDF,12432,1863,3108,115,1,17,False
contractnli,train,305,OMA-TestFest-NDA-2017.pdf,search-pdf,https://www.openmobilealliance.org/tech/OMASpecWorks/OMA-TestFest-NDA-2017.pdf,16687,2408,4172,114,1,17,False
contractnli,train,306,One_way_NDA_EIPRHD_pdf_v1_11.03.2013.pdf,search-pdf,https://www.iprhelpdesk.eu/sites/default/files/newsdocuments/One_way_NDA_EIPRHD_pdf_v1_11.03.2013.pdf,12464,1867,3116,104,1,17,False
contractnli,train,308,non-disclosure-agreement-mutual-generic-blank.pdf,search-pdf,http://www.startupprofessionals.com/linked/non-disclosure-agreement-mutual-generic-blank.pdf,5465,820,1367,34,1,17,False
contractnli,train,309,non-disclosure-agreement-template-netherlands-may-2012.pdf,search-pdf,https://www.warwicklegal.com/files/publicationCategory/non-disclosure-agreement-template-netherlands-may-2012.pdf,12337,1939,3085,80,1,17,False
contractnli,train,311,non-disclosure-agreement-to-public-tender-for-fleet-and-bus-services-f-2854607.pdf,search-pdf,https://resources.fifa.com/image/upload/non-disclosure-agreement-to-public-tender-for-fleet-and-bus-services-f-2854607.pdf?cloudid=wizz7vf3fsjpjcxsd5uv,13103,1913,3276,118,1,17,False
contractnli,train,312,nondisclosure-Engl.pdf,search-pdf,http://emits.esa.int/emits-doc/ESRIN/e_support/nondisclosure-Engl.pdf,10677,1645,2670,109,1,17,False
contractnli,train,313,nondisclosure.pdf,search-pdf,http://www.acbn.org/nondisclosure.pdf,6051,893,1513,47,1,17,False
contractnli,train,314,nondisclosureagreement.pdf,search-pdf,http://rheinindia.com/nondisclosureagreement.pdf,11465,1752,2867,88,1,17,False
contractnli,train,315,oceaneering-non-disclosure-agreement.pdf,search-pdf,https://www.oceaneering.com/datasheets/vendors/oceaneering-non-disclosure-agreement.pdf,5705,829,1427,42,1,17,False
contractnli,train,316,one-way_nda_ji_form.pdf,search-pdf,https://www.janicki.com/wp-content/uploads/2015/03/one-way_nda_ji_form.pdf,9597,1382,2400,56,1,17,False
contractnli,train,317,OOR104E_Non-Disclosure_Agreement-Company.pdf,search-pdf,https://www.concordia.ca/content/dam/concordia/offices/vprgs/docs/OOR104E_Non-Disclosure_Agreement-Company.pdf,19953,2989,4989,146,1,17,False
contractnli,train,318,One-Way-Non-Disclosure-Agreement-EN.pdf,search-pdf,https://www.iprhelpdesk.eu/sites/default/files/newsdocuments/One-Way-Non-Disclosure-Agreement-EN.pdf,12765,1899,3192,107,1,17,False
contractnli,train,319,P27CB13028.pdf,search-pdf,http://www.ttc.ca/TTC_Business/Materials_and_procurement/Ads_PandS/PDF%20Files/P27CB13028.pdf,9761,1505,2441,114,1,17,False
contractnli,train,320,Petrolube_NDA.pdf,search-pdf,https://www.petrolube.com/media/pdf/Petrolube_NDA.pdf,10697,1689,2675,74,1,17,False
contractnli,train,322,Proctor_Agreement.pdf,search-pdf,http://www.opengroup.org/certdocs/Proctor_Agreement.pdf,3633,517,909,39,1,17,False
contractnli,train,323,Project%20LAS%20RFI%20Non-Disclosure%20Agreement.pdf,search-pdf,http://www.cagamas.com.my/sites/default/files/rfi/Project%20LAS%20RFI%20Non-Disclosure%20Agreement.pdf,11071,1675,2768,72,1,17,False
contractnli,train,324,ProtectedData-MMD-NonDisclosureAgreementSubmissionInstructions.pdf,search-pdf,http://www.caiso.com/Documents/ProtectedData-MMD-NonDisclosureAgreementSubmissionInstructions.pdf,8706,1301,2177,87,1,17,False
contractnli,train,325,partner_nda_en.pdf,search-pdf,https://www.compensair.com/documents/General/partner_nda_en.pdf,11957,1800,2990,77,1,17,False
contractnli,train,326,pp%2011%20-%20non-disclosure%20agreement%20mutual.pdf,search-pdf,https://legal.usm.my/v3/phocadownload/pp%2011%20-%20non-disclosure%20agreement%20mutual.pdf,14724,2251,3681,132,1,17,False
contractnli,train,327,PS20131165-Non-DisclosureAgreement.pdf,search-pdf,https://bids.vancouver.ca/bidopp/RFP/documents/PS20131165-Non-DisclosureAgreement.pdf,10074,1575,2519,69,1,17,False
contractnli,train,328,PSGT Agreement NDA New Supplier Non Disclosure Template DC.pdf,search-pdf,https://www.clearygottlieb.com/-/media/organize-archive/cgsh/files/psgt-agreement-nda-new-supplier-non-disclosure-template-dc.pdf,14773,2291,3694,77,1,17,False
contractnli,train,329,QEP-Williston-Form-of-Confidentiality-Agreement-BMO.pdf,search-pdf,https://www.bmoaddeals.com/uploads/QEP-Williston-Form-of-Confidentiality-Agreement-BMO.pdf,22116,3347,5529,134,1,17,False
contractnli,train,330,QSA_NDA.pdf,search-pdf,http://qsocaus.org/downloads/QSA_NDA.pdf,3340,447,835,38,1,17,False
contractnli,train,331,QuickBooks-NDA-template.pdf,search-pdf,http://intuitglobal.intuit.com/delivery/cms/prod/sites/default/www.intuit.com.au/your-best-business/QuickBooks-NDA-template.pdf,8104,1094,2026,79,1,17,False
contractnli,train,332,RFP20171008-RFPPublishingNotice.pdf,search-pdf,http://www.kwsh.org.sg/sites/default/files/doc/Tender/RFP20171008-RFPPublishingNotice.pdf,13941,2154,3486,105,1,17,False
contractnli,train,333,RFP_Telephony-NDA_Attachment-F.pdf,search-pdf,http://www.calbarjournal.com/Portals/0/documents/rfp/RFP_Telephony-NDA_Attachment-F.pdf,4524,691,1131,41,1,17,False
contractnli,train,334,RROI_Confidentiality_Agreement_Final.pdf,search-pdf,https://nbfm.ca/~/media/FinancialMarkets/PDF/RROI_Confidentiality_Agreement_Final.pdf?la=en,23616,3610,5904,143,1,17,False
contractnli,train,335,Roundhouse-Creative-Mutual-NDA.pdf,search-pdf,https://roundhouse.cc/s/Roundhouse-Creative-Mutual-NDA.pdf,6614,978,1654,41,1,17,False
contractnli,train,337,SE_NDCA_and_PRE-QUAL_PACKAGE_March-2016.pdf,search-pdf,http://www.signal-energy.com/pdf/SE_NDCA_and_PRE-QUAL_PACKAGE_March-2016.pdf,14025,2025,3507,101,1,17,False
contractnli,train,338,SINTEC-UK-LTD-Non-disclosure-agreement-2017.pdf,search-pdf,https://sintec.eu.com/wp-content/uploads/sites/7/2018/05/SINTEC-UK-LTD-Non-disclosure-agreement-2017.pdf,7929,1188,1983,71,1,17,False
contractnli,train,339,SMT-R-100-01-NON-DISCLOSURE-AGREEMENT.pdf,search-pdf,http://smtlabs.co.za/wp-content/uploads/2019/01/SMT-R-100-01-NON-DISCLOSURE-AGREEMENT.pdf,2247,309,562,29,1,17,False
contractnli,train,340,SONGS%20RFP%20Confidentiality%20Agreement_201705051754392249.pdf,search-pdf,http://www.anaheim.net/DocumentCenter/View/16396,10669,1580,2668,84,1,17,False
contractnli,train,341,Sample NonDisclosure Agreement.pdf,search-pdf,https://www.cms-lawnow.com/-/media/microsites-media-library/ukraine/ukraine-downloadable-documents/sample-nondisclosure-agreement.pdf?la=en&rev=02aaed66-e786-4322-8474-132b3999bab6&hash=0F2CE72FCB91A3EA9CCFE07C194611CFAA5AAE58,11667,1759,2917,68,1,17,False
contractnli,train,342,Sample%20NDA%202018.pdf,search-pdf,https://uncw.edu/datascience/documents/Sample%20NDA%202018.pdf,9621,1477,2406,58,1,17,False
contractnli,train,343,Section%2013%20Non-Disclosure%20Agreement.pdf,search-pdf,http://www.transnet.co.za/BusinessWithUs/TenderDocuments/iCLM%20HQ%200849/Section%2013%20Non-Disclosure%20Agreement.pdf,12328,1720,3082,122,1,17,False
contractnli,train,344,Sony%20Pictures%20Television%20NDA%20(Executed).pdf,search-pdf,https://wikileaks.org/sony/docs/03_03/Legal_Dept/Corporate%20Legal/Scott%20Shane/Tribune/Sony%20Pictures%20Television%20NDA%20(Executed).pdf,28303,4261,7076,121,1,17,False
contractnli,train,345,Standard%20NDA%20by%20Axial.pdf,search-pdf,https://blawfirm.com/global_pictures/Standard%20NDA%20by%20Axial.pdf,11386,1671,2847,63,1,17,False
contractnli,train,346,Startup_Pack_nondisclosure_agreement.pdf,search-pdf,https://www.dlapiper.com/~/media/Files/Insights/Publications/2015/03/startup_pack_nondisclosure_agreement.pdf,13206,2097,3302,123,1,17,False
contractnli,train,347,SupplementOne-NDA.pdf,search-pdf,https://procure.ohio.gov/RFP/SupplementOne-NDA.pdf,8958,1340,2240,81,1,17,False
contractnli,train,348,Supplier_Non-Disclosure_Agreement.pdf,search-pdf,http://www.ksrint.com/wp-content/uploads/2012/02/Supplier_Non-Disclosure_Agreement.pdf,10958,1654,2740,69,1,17,False
contractnli,train,349,Supplier_Non_Disclosure.pdf,search-pdf,https://www.par.com/files/1113/6657/1154/Supplier_Non_Disclosure.pdf,14073,2078,3519,97,1,17,False
contractnli,train,350,T:\proc_notices\notices_020_k\notice_doc_18628_158011843.pdf,search-pdf,http://procurement-notices.undp.org/view_file.cfm?doc_id=39531,9750,1444,2438,89,1,17,False
contractnli,train,351,TSE-TSE-OK-WHK-Mutual-NDA-Fill-in-Blanks-4-29-2019.pdf,search-pdf,https://www.whkbiosystems.com/wp-content/uploads/2019/04/TSE-TSE-OK-WHK-Mutual-NDA-Fill-in-Blanks-4-29-2019.pdf,11633,1774,2909,84,1,17,False
contractnli,train,352,TabunKitchenInvestments-NDA.pdf,search-pdf,http://tabunkitchen.com/wp-content/uploads/2018/06/TabunKitchenInvestments-NDA.pdf,9887,1497,2472,79,1,17,False
contractnli,train,353,Tazza-CAFFE-Confidentiality-Agreement.pdf,search-pdf,http://tazzacaffe.ca/documents/franchise-documents-en/Tazza-CAFFE-Confidentiality-Agreement.pdf,8467,1221,2117,88,1,17,False
contractnli,train,355,Template-NDA.pdf,search-pdf,https://beckinstitute.org/wp-content/uploads/2019/01/Template-NDA.pdf,20438,3051,5110,102,1,17,False
contractnli,train,356,Third-Party Non-Disclosure Agreement.pdf,search-pdf,https://cms.bsu.edu/-/media/WWW/DepartmentalContent/SecurityServices/Policies%20and%20Procedures%202012/Third-Party%20Non-Disclosure%20Agreement.pdf,8798,1282,2200,51,1,17,False
contractnli,train,358,US-Non-Disclosure-Agreement.pdf,search-pdf,https://www.snapsurveys.com/wp-content/uploads/2018/02/US-Non-Disclosure-Agreement.pdf,6689,1012,1673,53,1,17,False
contractnli,train,359,US_Non-Disclosure_Agreement_v2_2015.pdf,search-pdf,http://www.snapsurveys.com/wp-content/uploads/2015/03/US_Non-Disclosure_Agreement_v2_2015.pdf,8332,1264,2083,55,1,17,False
contractnli,train,360,UT_Universal_NDA_2014_OIE.pdf,search-pdf,https://sites.utexas.edu/moriba/files/2017/04/UT_Universal_NDA_2014_OIE.pdf,11008,1681,2752,75,1,17,False
contractnli,train,362,WEB-NDA-Mutual-Customer-and-Allazo-Electronics-v2.pdf,search-pdf,https://allazoelectronics.com/wp-content/uploads/2017/08/WEB-NDA-Mutual-Customer-and-Allazo-Electronics-v2.pdf,11976,1830,2994,85,1,17,False
contractnli,train,363,WEBSITE%20MNDA.pdf,search-pdf,https://www.haccpcanada.net/WEBSITE%20MNDA.pdf,12165,1825,3042,69,1,17,False
contractnli,train,364,WECC_Confidentiality_Agreement.pdf,search-pdf,https://www.wecc.org/Administrative/WECC_Confidentiality_Agreement.pdf,8644,1295,2161,83,1,17,False
contractnli,train,365,resolution-2012-03-014r.pdf,search-pdf,http://www.urbanaillinois.us/sites/default/files/attachments/resolution-2012-03-014r.pdf,10846,1574,2712,103,1,17,False
contractnli,train,366,resources-non-disclosure-agreement.pdf,search-pdf,https://www.appdeveloperstudio.co.za/resources-non-disclosure-agreement.pdf,6640,989,1660,42,1,17,False
contractnli,train,367,rqnda.pdf,search-pdf,https://my.yrc.com/national/pdf/rqnda.pdf,9143,1392,2286,95,1,17,False
contractnli,train,368,sample-nrel-bilateral-nda-template.pdf,search-pdf,https://www.nrel.gov/workingwithus/assets/pdfs/sample-nrel-bilateral-nda-template.pdf,9268,1362,2317,48,1,17,False
contractnli,train,369,sample_nda.pdf,search-pdf,http://www.lccclaunch.com/uploads/1/0/2/4/102413456/sample_nda.pdf,16240,2411,4060,103,1,17,False
contractnli,train,370,simply-fashion---standard-nda.pdf,search-pdf,http://www.hilcorealestate.com/docs/librariesprovider6/projects-documents/simply-fashion/retail-leases-for-sale/simply-fashion---standard-nda.pdf?sfvrsn=4,12604,1804,3151,64,1,17,False
contractnli,train,371,sm-fm-14-01-rev-1-reciprocal-non-disclosure-agreement.pdf,search-pdf,https://www.curtisswright.com/files/doc_suppliers/ems-division/electro-mechanical-division-emd-cheswick/sm-fm-14-01-rev-1-reciprocal-non-disclosure-agreement.pdf,10073,1465,2519,54,1,17,False
contractnli,train,372,standard_clinical_trial_nda2.pdf,search-pdf,https://orsp.umich.edu/sites/default/files/standard_clinical_trial_nda2.pdf,6034,886,1509,74,1,17,False
contractnli,train,373,standard_nda.pdf,search-pdf,http://www.fabforma.com/assets/admin_default_images/standard_nda.pdf,10784,1663,2696,57,1,17,False
contractnli,train,374,stony_hill_buyer_nda.pdf,search-pdf,http://cdn2.hubspot.net/hub/44760/file-14106665-pdf/docs/stony_hill_buyer_nda.pdf?t=1449861629669,9254,1391,2314,63,1,17,False
contractnli,train,375,thoughtbot-mutual-nda.pdf,search-pdf,https://thoughtbot.com/documents/thoughtbot-mutual-nda.pdf,6111,910,1528,50,1,17,False
contractnli,train,376,tpi-non-disclosure-agreement_1.pdf,search-pdf,http://www.tpicomposites.com/files/doc_downloads/sourcing_and_supply/tpi-non-disclosure-agreement.pdf,11011,1666,2753,58,1,17,False
contractnli,train,377,ttp-nda.pdf,search-pdf,https://www.thettp.org/system/files/non-nda/documents/non-disclosure-agreement/ttp-nda.pdf,6737,1014,1685,58,1,17,False
contractnli,train,378,vmw-certification-conduct-policy.pdf,search-pdf,https://www.vmware.com/content/dam/digitalmarketing/vmware/en/pdf/certification/vmw-certification-conduct-policy.pdf,3427,526,857,24,1,17,False
contractnli,train,379,wayne-fueling-systems-mutual-non-disclosure-agreement-final.pdf,search-pdf,https://www-qa.wayne.com/media/1166/wayne-fueling-systems-mutual-non-disclosure-agreement-final.pdf,12886,1970,3222,65,1,17,False
contractnli,train,380,ws-confidentiality-and-non-disclosure-agreement.pdf,search-pdf,http://ceevee.co.za/wp-content/uploads/2014/03/ws-confidentiality-and-non-disclosure-agreement.pdf,11649,1716,2913,85,1,17,False
contractnli,train,382,24104_0000024104-96-000010_document_3.txt,sec-text,https://www.sec.gov/Archives/edgar/data/0000024104/000002410496000010/0000024104-96-000010.txt,9168,1455,2292,58,1,17,False
contractnli,train,383,26820_0000936392-03-001111_a92217exv10w5.txt,sec-text,https://www.sec.gov/Archives/edgar/data/0000026820/000093639203001111/0000936392-03-001111.txt,15341,2304,3836,96,1,17,False
contractnli,train,384,32251_0000950133-99-003991_document_17.txt,sec-text,https://www.sec.gov/Archives/edgar/data/0000032251/000095013399003991/0000950133-99-003991.txt,10270,1540,2568,47,1,17,False
contractnli,train,385,354452_0000950123-99-011178_document_13.txt,sec-text,https://www.sec.gov/Archives/edgar/data/0000354452/000095012399011178/0000950123-99-011178.txt,10793,1662,2699,77,1,17,False
contractnli,train,386,356841_0000950109-98-003750_document_2.txt,sec-text,https://www.sec.gov/Archives/edgar/data/0000356841/000095010998003750/0000950109-98-003750.txt,4987,739,1247,34,1,17,False
contractnli,train,388,69067_0000927016-00-002123_0010.txt,sec-text,https://www.sec.gov/Archives/edgar/data/0000069067/000092701600002123/0000927016-00-002123.txt,8890,1333,2223,63,1,17,False
contractnli,train,390,731947_0000950123-02-007159_y62132e3exv99wdw21.txt,sec-text,https://www.sec.gov/Archives/edgar/data/0000731947/000095012302007159/0000950123-02-007159.txt,5628,867,1407,38,1,17,False
contractnli,train,391,736291_0000930661-99-001320_document_3.txt,sec-text,https://www.sec.gov/Archives/edgar/data/0000736291/000093066199001320/0000930661-99-001320.txt,18348,2793,4587,162,1,17,False
contractnli,train,393,769592_0000950133-02-003341_w64132exv10w4.txt,sec-text,https://www.sec.gov/Archives/edgar/data/0000769592/000095013302003341/0000950133-02-003341.txt,6779,1030,1695,43,1,17,False
contractnli,train,394,770461_0001144204-05-023830_v022988_ex10-6.txt,sec-text,https://www.sec.gov/Archives/edgar/data/0000770461/000114420405023830/0001144204-05-023830.txt,13453,2094,3364,76,1,17,False
contractnli,train,396,87814_0000930661-96-001456_document_4.txt,sec-text,https://www.sec.gov/Archives/edgar/data/0000087814/000093066196001456/0000930661-96-001456.txt,5437,780,1360,48,1,17,False
contractnli,train,397,87888_0000912057-97-029111_document_6.txt,sec-text,https://www.sec.gov/Archives/edgar/data/0000087888/000091205797029111/0000912057-97-029111.txt,14840,2237,3710,110,1,17,False
contractnli,train,399,96238_0000950103-97-000583_document_4.txt,sec-text,https://www.sec.gov/Archives/edgar/data/0000096238/000095010397000583/0000950103-97-000583.txt,13913,2214,3479,88,1,17,False
contractnli,train,402,1006459_0000912057-97-027623_document_19.txt,sec-text,https://www.sec.gov/Archives/edgar/data/0001006459/000091205797027623/0000912057-97-027623.txt,3289,477,823,33,1,17,False
contractnli,train,403,770461_0001144204-06-041516_v054278_ex10-7.txt,sec-text,https://www.sec.gov/Archives/edgar/data/0000770461/000114420406041516/0001144204-06-041516.txt,14782,2321,3696,81,1,17,False
contractnli,train,404,799485_0000950136-00-001643_0013.txt,sec-text,https://www.sec.gov/Archives/edgar/data/0000799485/000095013600001643/0000950136-00-001643.txt,15734,2426,3934,89,1,17,False
contractnli,train,407,816955_0000899243-97-001962_document_4.txt,sec-text,https://www.sec.gov/Archives/edgar/data/0000816955/000089924397001962/0000899243-97-001962.txt,15631,2426,3908,92,1,17,False
contractnli,train,409,828957_0000950109-98-001266_document_19.txt,sec-text,https://www.sec.gov/Archives/edgar/data/0000828957/000095010998001266/0000950109-98-001266.txt,12222,1913,3056,75,1,17,False
contractnli,train,410,859119_0000950123-98-001418_document_15.txt,sec-text,https://www.sec.gov/Archives/edgar/data/0000859119/000095012398001418/0000950123-98-001418.txt,16128,2443,4032,63,1,17,False
contractnli,train,414,897730_0000950136-98-001457_document_7.txt,sec-text,https://www.sec.gov/Archives/edgar/data/0000897730/000095013698001457/0000950136-98-001457.txt,7435,1181,1859,48,1,17,False
contractnli,train,415,899240_0000912057-01-007226_a2040095zex-99_9d1.txt,sec-text,https://www.sec.gov/Archives/edgar/data/0000899240/000091205701007226/0000912057-01-007226.txt,10997,1721,2750,68,1,17,False
contractnli,train,416,900091_0001047469-97-003029_document_4.txt,sec-text,https://www.sec.gov/Archives/edgar/data/0000900091/000104746997003029/0001047469-97-003029.txt,8422,1266,2106,60,1,17,False
contractnli,train,417,912592_0000929624-98-000842_document_20.txt,sec-text,https://www.sec.gov/Archives/edgar/data/0000912592/000092962498000842/0000929624-98-000842.txt,12047,1828,3012,95,1,17,False
contractnli,train,418,912643_0001045969-00-000244_document_3.txt,sec-text,https://www.sec.gov/Archives/edgar/data/0000912643/000104596900000244/0001045969-00-000244.txt,6784,897,1696,53,1,17,False
contractnli,train,419,913949_0000950149-96-000782_document_6.txt,sec-text,https://www.sec.gov/Archives/edgar/data/0000913949/000095014996000782/0000950149-96-000782.txt,3649,524,913,37,1,17,False
contractnli,train,420,916529_0000927016-97-001071_document_2.txt,sec-text,https://www.sec.gov/Archives/edgar/data/0000916529/000092701697001071/0000927016-97-001071.txt,4622,717,1156,54,1,17,False
contractnli,train,421,917253_0000917253-00-000008_document_8.txt,sec-text,https://www.sec.gov/Archives/edgar/data/0000917253/000091725300000008/0000917253-00-000008.txt,21848,3290,5462,122,1,17,False
contractnli,train,422,920729_0000891618-96-000819_document_6.txt,sec-text,https://www.sec.gov/Archives/edgar/data/0000920729/000089161896000819/0000891618-96-000819.txt,11133,1651,2784,81,1,17,False
contractnli,train,423,922237_0000950005-02-000645_p15515_ex10-19.txt,sec-text,https://www.sec.gov/Archives/edgar/data/0000922237/000095000502000645/0000950005-02-000645.txt,7719,1172,1930,42,1,17,False
contractnli,train,424,922913_0000943440-00-000122_document_2.txt,sec-text,https://www.sec.gov/Archives/edgar/data/0000922913/000094344000000122/0000943440-00-000122.txt,3814,551,954,28,1,17,False
contractnli,train,425,922913_0000943440-00-000294_0004.txt,sec-text,https://www.sec.gov/Archives/edgar/data/0000922913/000094344000000294/0000943440-00-000294.txt,4193,620,1049,28,1,17,False
contractnli,train,426,925544_0000950144-00-010739_ex99-d4.txt,sec-text,https://www.sec.gov/Archives/edgar/data/0000925544/000095014400010739/0000950144-00-010739.txt,7634,1173,1909,41,1,17,False
contractnli,train,427,925942_0001047469-98-029396_document_13.txt,sec-text,https://www.sec.gov/Archives/edgar/data/0000925942/000104746998029396/0001047469-98-029396.txt,13415,2126,3354,85,1,17,False
contractnli,train,428,930796_0000950123-05-001407_y05539exv99w5.txt,sec-text,https://www.sec.gov/Archives/edgar/data/0000930796/000095012305001407/0000950123-05-001407.txt,12109,1760,3028,56,1,17,False
contractnli,train,430,935703_0001047469-98-030238_document_4.txt,sec-text,https://www.sec.gov/Archives/edgar/data/0000935703/000104746998030238/0001047469-98-030238.txt,21399,3311,5350,176,1,17,False
contractnli,train,431,938733_0000912057-99-002412_document_3.txt,sec-text,https://www.sec.gov/Archives/edgar/data/0000938733/000091205799002412/0000912057-99-002412.txt,15089,2241,3773,90,1,17,False
contractnli,train,434,1012459_0000912057-97-027209_document_4.txt,sec-text,https://www.sec.gov/Archives/edgar/data/0001012459/000091205797027209/0000912057-97-027209.txt,8747,1316,2187,79,1,17,False
contractnli,train,436,1013687_0000950144-96-001973_document_37.txt,sec-text,https://www.sec.gov/Archives/edgar/data/0001013687/000095014496001973/0000950144-96-001973.txt,4191,612,1048,34,1,17,False
contractnli,train,437,1013687_0000950144-96-001973_document_38.txt,sec-text,https://www.sec.gov/Archives/edgar/data/0001013687/000095014496001973/0000950144-96-001973.txt,7448,947,1862,71,1,17,False
contractnli,train,438,1014552_0000950148-01-500497_v71961toex99-d3.txt,sec-text,https://www.sec.gov/Archives/edgar/data/0001014552/000095014801500497/0000950148-01-500497.txt,19792,3085,4948,101,1,17,False
contractnli,train,439,1014959_0000950116-96-000618_document_7.txt,sec-text,https://www.sec.gov/Archives/edgar/data/0001014959/000095011696000618/0000950116-96-000618.txt,10832,1662,2708,98,1,17,False
contractnli,train,441,1017358_0001017358-97-000002_document_4.txt,sec-text,https://www.sec.gov/Archives/edgar/data/0001017358/000101735897000002/0001017358-97-000002.txt,8888,1373,2222,57,1,17,False
contractnli,train,442,1017545_0001012870-97-001500_document_2.txt,sec-text,https://www.sec.gov/Archives/edgar/data/0001017545/000101287097001500/0001012870-97-001500.txt,4180,625,1045,36,1,17,False
contractnli,train,443,1018761_0000950130-96-004285_document_6.txt,sec-text,https://www.sec.gov/Archives/edgar/data/0001018761/000095013096004285/0000950130-96-004285.txt,2415,345,604,26,1,17,False
contractnli,train,445,1021096_0000914317-03-001205_ex2-2.txt,sec-text,https://www.sec.gov/Archives/edgar/data/0001021096/000091431703001205/0000914317-03-001205.txt,6584,1008,1646,50,1,17,False
contractnli,train,447,1029445_0000940180-97-000212_document_12.txt,sec-text,https://www.sec.gov/Archives/edgar/data/0001029445/000094018097000212/0000940180-97-000212.txt,9935,1522,2484,76,1,17,False
contractnli,train,448,1030471_0001012870-01-501268_dex1065.txt,sec-text,https://www.sec.gov/Archives/edgar/data/0001030471/000101287001501268/0001012870-01-501268.txt,5841,882,1461,30,1,17,False
contractnli,train,449,1031896_0000950147-01-501725_ex10-8.txt,sec-text,https://www.sec.gov/Archives/edgar/data/0001031896/000095014701501725/0000950147-01-501725.txt,2122,334,531,18,1,17,False
contractnli,train,450,1039399_0000891618-02-001883_f80848orex10-19.txt,sec-text,https://www.sec.gov/Archives/edgar/data/0001039399/000089161802001883/0000891618-02-001883.txt,11159,1578,2790,98,1,17,False
contractnli,train,453,1043431_0000950133-00-000090_document_15.txt,sec-text,https://www.sec.gov/Archives/edgar/data/0001043431/000095013300000090/0000950133-00-000090.txt,6365,999,1592,38,1,17,False
contractnli,train,454,1044777_0000950124-98-000388_document_7.txt,sec-text,https://www.sec.gov/Archives/edgar/data/0001044777/000095012498000388/0000950124-98-000388.txt,1926,284,482,19,1,17,False
contractnli,train,457,1052946_0000950134-98-001627_document_4.txt,sec-text,https://www.sec.gov/Archives/edgar/data/0001052946/000095013498001627/0000950134-98-001627.txt,2497,383,625,22,1,17,False
contractnli,train,458,1053949_0001005150-98-000126_document_8.txt,sec-text,https://www.sec.gov/Archives/edgar/data/0001053949/000100515098000126/0001005150-98-000126.txt,4139,620,1035,24,1,17,False
contractnli,train,459,1061148_0001047469-98-018914_document_17.txt,sec-text,https://www.sec.gov/Archives/edgar/data/0001061148/000104746998018914/0001047469-98-018914.txt,12599,2008,3150,82,1,17,False
contractnli,train,460,1062579_0000950123-99-005018_document_3.txt,sec-text,https://www.sec.gov/Archives/edgar/data/0001062579/000095012399005018/0000950123-99-005018.txt,8263,1212,2066,53,1,17,False
contractnli,train,461,1062760_0001015402-05-001930_doc17.txt,sec-text,https://www.sec.gov/Archives/edgar/data/0001062760/000101540205001930/0001015402-05-001930.txt,5615,886,1404,39,1,17,False
contractnli,train,462,1065748_0000950131-00-004465_0016.txt,sec-text,https://www.sec.gov/Archives/edgar/data/0001065748/000095013100004465/0000950131-00-004465.txt,6093,937,1524,41,1,17,False
contractnli,train,463,1067797_0001032210-99-000668_document_8.txt,sec-text,https://www.sec.gov/Archives/edgar/data/0001067797/000103221099000668/0001032210-99-000668.txt,11026,1609,2757,100,1,17,False
contractnli,train,464,1070052_0000950130-01-501801_dex99d2.txt,sec-text,https://www.sec.gov/Archives/edgar/data/0001070052/000095013001501801/0000950130-01-501801.txt,13037,1976,3260,64,1,17,False
contractnli,train,466,1074663_0001090002-01-500104_ex102.txt,sec-text,https://www.sec.gov/Archives/edgar/data/0001074663/000109000201500104/0001090002-01-500104.txt,5451,806,1363,52,1,17,False
contractnli,train,467,1077050_0000950147-99-000049_document_10.txt,sec-text,https://www.sec.gov/Archives/edgar/data/0001077050/000095014799000049/0000950147-99-000049.txt,10469,1592,2618,68,1,17,False
contractnli,train,468,1077150_0001077048-99-000003_document_23.txt,sec-text,https://www.sec.gov/Archives/edgar/data/0001077150/000107704899000003/0001077048-99-000003.txt,3641,545,911,36,1,17,False
contractnli,train,469,1077150_0001077048-99-000003_document_25.txt,sec-text,https://www.sec.gov/Archives/edgar/data/0001077150/000107704899000003/0001077048-99-000003.txt,9749,1450,2438,68,1,17,False
contractnli,train,470,1082797_0000950131-01-501837_dex99d2.txt,sec-text,https://www.sec.gov/Archives/edgar/data/0001082797/000095013101501837/0000950131-01-501837.txt,7499,1145,1875,45,1,17,False
contractnli,train,472,1085220_0001014909-04-000090_exh6_3.txt,sec-text,https://www.sec.gov/Archives/edgar/data/0001085220/000101490904000090/0001014909-04-000090.txt,6956,1035,1739,38,1,17,False
contractnli,train,473,1089717_0000898430-99-004004_document_2.txt,sec-text,https://www.sec.gov/Archives/edgar/data/0001089717/000089843099004004/0000898430-99-004004.txt,7565,1086,1892,38,1,17,False
contractnli,train,474,1089786_0000912057-00-052660_a2032473zex-99_e2.txt,sec-text,https://www.sec.gov/Archives/edgar/data/0001089786/000091205700052660/0000912057-00-052660.txt,14199,2214,3550,77,1,17,False
contractnli,train,475,1094017_0000921895-00-000237_document_5.txt,sec-text,https://www.sec.gov/Archives/edgar/data/0001094017/000092189500000237/0000921895-00-000237.txt,7440,1113,1860,53,1,17,False
contractnli,train,477,1095563_0000950168-99-002585_document_2.txt,sec-text,https://www.sec.gov/Archives/edgar/data/0001095563/000095016899002585/0000950168-99-002585.txt,10851,1586,2713,79,1,17,False
contractnli,train,481,1100182_0001107049-00-000014_document_23.txt,sec-text,https://www.sec.gov/Archives/edgar/data/0001100182/000110704900000014/0001107049-00-000014.txt,7370,1129,1843,40,1,17,False
contractnli,train,483,1101204_0001085037-00-000208_0015.txt,sec-text,https://www.sec.gov/Archives/edgar/data/0001101204/000108503700000208/0001085037-00-000208.txt,7032,1075,1758,51,1,17,False
contractnli,train,484,1102301_0001094328-04-000141_freesarex23052004.txt,sec-text,https://www.sec.gov/Archives/edgar/data/0001102301/000109432804000141/0001094328-04-000141.txt,9046,1415,2262,51,1,17,False
contractnli,train,485,1103062_0001017951-00-000016_document_13.txt,sec-text,https://www.sec.gov/Archives/edgar/data/0001103062/000101795100000016/0001017951-00-000016.txt,10281,1575,2571,57,1,17,False
contractnli,train,487,1105503_0000950123-00-006736_ex10-14.txt,sec-text,https://www.sec.gov/Archives/edgar/data/0001105503/000095012300006736/0000950123-00-006736.txt,8094,1234,2024,64,1,17,False
contractnli,train,489,1108906_0000889812-00-001212_document_45.txt,sec-text,https://www.sec.gov/Archives/edgar/data/0001108906/000088981200001212/0000889812-00-001212.txt,5197,789,1300,38,1,17,False
contractnli,train,490,1111682_0000950123-00-003802_document_15.txt,sec-text,https://www.sec.gov/Archives/edgar/data/0001111682/000095012300003802/0000950123-00-003802.txt,4218,651,1055,28,1,17,False
contractnli,train,492,1120792_0001019687-05-001599_morgan_sb2a1-ex1408.txt,sec-text,https://www.sec.gov/Archives/edgar/data/0001120792/000101968705001599/0001019687-05-001599.txt,8515,1338,2129,40,1,17,False
contractnli,train,494,1123713_0001021408-00-003137_0016.txt,sec-text,https://www.sec.gov/Archives/edgar/data/0001123713/000102140800003137/0001021408-00-003137.txt,9915,1505,2479,71,1,17,False
contractnli,train,495,1125576_0000928385-02-000738_dex991d2.txt,sec-text,https://www.sec.gov/Archives/edgar/data/0001125576/000092838502000738/0000928385-02-000738.txt,4426,685,1107,39,1,17,False
contractnli,train,499,1178133_0000950131-03-000129_dex1013.txt,sec-text,https://www.sec.gov/Archives/edgar/data/0001178133/000095013103000129/0000950131-03-000129.txt,9710,1439,2428,87,1,17,False
contractnli,train,500,1240722_0001161697-03-000454_exhibit_10-12.txt,sec-text,https://www.sec.gov/Archives/edgar/data/0001240722/000116169703000454/0001161697-03-000454.txt,10954,1700,2739,79,1,17,False
contractnli,train,501,1285543_0001013762-05-000550_may52005sb2ex1019.txt,sec-text,https://www.sec.gov/Archives/edgar/data/0001285543/000101376205000550/0001013762-05-000550.txt,4707,711,1177,47,1,17,False
contractnli,train,502,1420529_0001145549-08-000077_h00839a1exv10w4.txt,sec-text,https://www.sec.gov/Archives/edgar/data/0001420529/000114554908000077/0001145549-08-000077.txt,12710,1868,3178,75,1,17,False
contractnli,train,503,103884_0001193125-12-338104_d390544dex99d3.htm,sec-html,https://www.sec.gov/Archives/edgar/data/0000103884/000119312512338104/d390544dex99d3.htm,14643,2136,3661,92,1,17,False
contractnli,train,504,14803_0001047469-04-012846_a2134202zex-99_e3.htm,sec-html,https://www.sec.gov/Archives/edgar/data/0000014803/000104746904012846/a2134202zex-99_e3.htm,17571,2784,4393,115,1,17,False
contractnli,train,505,25895_0000950134-07-023464_d51356exv10w1.htm,sec-html,https://www.sec.gov/Archives/edgar/data/0000025895/000095013407023464/d51356exv10w1.htm,15459,2359,3865,177,1,17,False
contractnli,train,509,55805_0001145443-10-001028_d26631_ex99-d3.htm,sec-html,https://www.sec.gov/Archives/edgar/data/0000055805/000114544310001028/d26631_ex99-d3.htm,14355,2231,3589,86,1,17,False
contractnli,train,512,703339_0001387308-13-000090_ex101.htm,sec-html,https://www.sec.gov/Archives/edgar/data/0000703339/000138730813000090/ex101.htm,16946,2525,4237,125,1,17,False
contractnli,train,513,703361_0001193125-12-242586_d356019dex9910.htm,sec-html,https://www.sec.gov/Archives/edgar/data/0000703361/000119312512242586/d356019dex9910.htm,14243,2159,3561,57,1,17,False
contractnli,train,515,714562_0001104659-19-001345_a18-42231_6ex10d8.htm,sec-html,https://www.sec.gov/Archives/edgar/data/0000714562/000110465919001345/a18-42231_6ex10d8.htm,29626,4419,7407,151,1,17,False
contractnli,train,516,741696_0001193125-10-290887_dex99d9.htm,sec-html,https://www.sec.gov/Archives/edgar/data/0000741696/000119312510290887/dex99d9.htm,16947,2674,4237,98,1,17,False
contractnli,train,517,75448_0001193125-05-158309_dex99d4.htm,sec-html,https://www.sec.gov/Archives/edgar/data/0000075448/000119312505158309/dex99d4.htm,10146,1547,2537,83,1,17,False
contractnli,train,518,768262_0001193125-10-128597_dex99d2.htm,sec-html,https://www.sec.gov/Archives/edgar/data/0000768262/000119312510128597/dex99d2.htm,21971,3397,5493,106,1,17,False
contractnli,train,519,792130_0001193125-18-326077_d601641dex99d3.htm,sec-html,https://www.sec.gov/Archives/edgar/data/0000792130/000119312518326077/d601641dex99d3.htm,24193,3787,6049,120,1,17,False
contractnli,train,520,801338_0000950134-07-015617_c16542toexv99wxdyx5y.htm,sec-html,https://www.sec.gov/Archives/edgar/data/0000801338/000095013407015617/c16542toexv99wxdyx5y.htm,4678,703,1170,42,1,17,False
contractnli,train,522,803647_0001047469-17-006266_a2233487zex-99_d2.htm,sec-html,https://www.sec.gov/Archives/edgar/data/0000803647/000104746917006266/a2233487zex-99_d2.htm,10963,1660,2741,77,1,17,False
contractnli,train,524,832995_0000912057-00-054331_a2033550zex-99_d13.htm,sec-html,https://www.sec.gov/Archives/edgar/data/0000832995/000091205700054331/a2033550zex-99_d13.htm,20209,3169,5053,116,1,17,False
contractnli,train,525,845818_0001193125-11-195725_dex99d8.htm,sec-html,https://www.sec.gov/Archives/edgar/data/0000845818/000119312511195725/dex99d8.htm,18356,2852,4589,98,1,17,False
contractnli,train,527,858452_0001193125-12-123549_d317599dex99d3.htm,sec-html,https://www.sec.gov/Archives/edgar/data/0000858452/000119312512123549/d317599dex99d3.htm,12932,1941,3233,80,1,17,False
contractnli,train,529,863895_0001144204-05-038795_v030731_ex10-2.htm,sec-html,https://www.sec.gov/Archives/edgar/data/0000863895/000114420405038795/v030731_ex10-2.htm,5429,846,1358,32,1,17,False
contractnli,train,530,865415_0001047469-15-007494_a2226057zex-99_d4.htm,sec-html,https://www.sec.gov/Archives/edgar/data/0000865415/000104746915007494/a2226057zex-99_d4.htm,11824,1841,2956,71,1,17,False
contractnli,train,531,874265_0001193125-05-138436_dex99d1.htm,sec-html,https://www.sec.gov/Archives/edgar/data/0000874265/000119312505138436/dex99d1.htm,23978,3726,5995,91,1,17,False
contractnli,train,534,880562_0001193125-15-346821_d93800dex3.htm,sec-html,https://www.sec.gov/Archives/edgar/data/0000880562/000119312515346821/d93800dex3.htm,19280,2954,4820,88,1,17,False
contractnli,train,535,881790_0001104659-12-052730_a12-17284_1ex99d1.htm,sec-html,https://www.sec.gov/Archives/edgar/data/0000881790/000110465912052730/a12-17284_1ex99d1.htm,15723,2403,3931,113,1,17,False
contractnli,train,536,888953_0001193125-13-044630_d480503dex99e6.htm,sec-html,https://www.sec.gov/Archives/edgar/data/0000888953/000119312513044630/d480503dex99e6.htm,20886,3135,5222,142,1,17,False
contractnli,train,538,912263_0001104659-12-004811_a12-3671_1ex2.htm,sec-html,https://www.sec.gov/Archives/edgar/data/0000912263/000110465912004811/a12-3671_1ex2.htm,23746,3644,5937,161,1,17,False
contractnli,train,541,1001917_0000950123-08-007542_y61533exv99wdw3.htm,sec-html,https://www.sec.gov/Archives/edgar/data/0001001917/000095012308007542/y61533exv99wdw3.htm,10239,1540,2560,82,1,17,False
contractnli,train,545,1013240_0001047469-04-010350_a2132633zex-10_22.htm,sec-html,https://www.sec.gov/Archives/edgar/data/0001013240/000104746904010350/a2132633zex-10_22.htm,13794,2138,3449,99,1,17,False
contractnli,train,548,1041550_0001104659-19-001346_a18-42231_6ex10d8.htm,sec-html,https://www.sec.gov/Archives/edgar/data/0001041550/000110465919001346/a18-42231_6ex10d8.htm,29626,4419,7407,152,1,17,False
contractnli,train,550,1045080_0001047469-02-004620_a2094681zex-99_d5.htm,sec-html,https://www.sec.gov/Archives/edgar/data/0001045080/000104746902004620/a2094681zex-99_d5.htm,10765,1701,2692,68,1,17,False
contractnli,train,551,1046880_0001193125-11-323050_d262064dex992.htm,sec-html,https://www.sec.gov/Archives/edgar/data/0001046880/000119312511323050/d262064dex992.htm,16688,2537,4172,102,1,17,False
contractnli,train,553,1053352_0001104659-07-049383_a07-17151_1ex10d5.htm,sec-html,https://www.sec.gov/Archives/edgar/data/0001053352/000110465907049383/a07-17151_1ex10d5.htm,22590,3448,5648,145,1,17,False
contractnli,train,554,1053374_0001144204-18-062970_tv508217_ex-d2.htm,sec-html,https://www.sec.gov/Archives/edgar/data/0001053374/000114420418062970/tv508217_ex-d2.htm,11862,1741,2966,71,1,17,False
contractnli,train,556,1063085_0000950134-09-011390_f52580exv99wxeyx3y.htm,sec-html,https://www.sec.gov/Archives/edgar/data/0001063085/000095013409011390/f52580exv99wxeyx3y.htm,23183,3509,5796,117,1,17,False
contractnli,train,557,1068874_0001068874-07-000012_ex10_2.htm,sec-html,https://www.sec.gov/Archives/edgar/data/0001068874/000106887407000012/ex10_2.htm,14472,2271,3618,107,1,17,False
contractnli,train,559,1089029_0000950123-07-007908_y31303a1exv10w13.htm,sec-html,https://www.sec.gov/Archives/edgar/data/0001089029/000095012307007908/y31303a1exv10w13.htm,3908,614,977,38,1,17,False
contractnli,train,560,1094007_0001193125-10-258977_dex101.htm,sec-html,https://www.sec.gov/Archives/edgar/data/0001094007/000119312510258977/dex101.htm,6980,1082,1745,81,1,17,False
contractnli,train,561,1094038_0000950134-05-007541_d23996exv10w4.htm,sec-html,https://www.sec.gov/Archives/edgar/data/0001094038/000095013405007541/d23996exv10w4.htm,8971,1382,2243,77,1,17,False
contractnli,train,562,1094348_0001144204-18-026846_tv493416_exd2.htm,sec-html,https://www.sec.gov/Archives/edgar/data/0001094348/000114420418026846/tv493416_exd2.htm,22110,3430,5528,124,1,17,False
contractnli,train,566,1112422_0000950153-08-001257_p75864exv99wxeyx4y.htm,sec-html,https://www.sec.gov/Archives/edgar/data/0001112422/000095015308001257/p75864exv99wxeyx4y.htm,21678,3326,5420,134,1,17,False
contractnli,train,567,1112999_0001193125-08-214471_dex105.htm,sec-html,https://www.sec.gov/Archives/edgar/data/0001112999/000119312508214471/dex105.htm,11977,1843,2995,88,1,17,False
contractnli,train,568,1113303_0000892917-12-000026_stilffnw13d120112am2ex3.htm,sec-html,https://www.sec.gov/Archives/edgar/data/0001113303/000089291712000026/stilffnw13d120112am2ex3.htm,6216,969,1554,32,1,17,False
contractnli,train,569,1119985_0001047469-04-035924_a2147858zex-2_5.htm,sec-html,https://www.sec.gov/Archives/edgar/data/0001119985/000104746904035924/a2147858zex-2_5.htm,14999,2261,3750,99,1,17,False
contractnli,train,570,1142512_0001193125-14-269726_d757168dex99e3.htm,sec-html,https://www.sec.gov/Archives/edgar/data/0001142512/000119312514269726/d757168dex99e3.htm,12639,1936,3160,74,1,17,False
contractnli,train,571,1163932_0001193125-13-394191_d606730dex99d2.htm,sec-html,https://www.sec.gov/Archives/edgar/data/0001163932/000119312513394191/d606730dex99d2.htm,23749,3592,5938,144,1,17,False
contractnli,train,572,1167294_0001193125-15-218134_d933068dex99d3.htm,sec-html,https://www.sec.gov/Archives/edgar/data/0001167294/000119312515218134/d933068dex99d3.htm,32600,5070,8150,143,1,17,False
contractnli,train,573,1175638_0000912057-02-024619_a2082526zex-10_3.htm,sec-html,https://www.sec.gov/Archives/edgar/data/0001175638/000091205702024619/a2082526zex-10_3.htm,5742,882,1436,67,1,17,False
contractnli,train,574,1177845_0001193125-18-219243_d519554dex99d3.htm,sec-html,https://www.sec.gov/Archives/edgar/data/0001177845/000119312518219243/d519554dex99d3.htm,26397,4094,6600,145,1,17,False
contractnli,train,576,1274644_0001193125-17-338759_d485523dex99d2.htm,sec-html,https://www.sec.gov/Archives/edgar/data/0001274644/000119312517338759/d485523dex99d2.htm,9118,1430,2280,58,1,17,False
contractnli,train,577,1277090_0001104659-05-057084_a05-20673_1ex10.htm,sec-html,https://www.sec.gov/Archives/edgar/data/0001277090/000110465905057084/a05-20673_1ex10.htm,11571,1836,2893,65,1,17,False
contractnli,train,578,1277141_0001193125-15-184193_d923647dex99d2.htm,sec-html,https://www.sec.gov/Archives/edgar/data/0001277141/000119312515184193/d923647dex99d2.htm,24921,3827,6231,126,1,17,False
contractnli,train,579,1280058_0001193125-12-023311_d287213dex99d3.htm,sec-html,https://www.sec.gov/Archives/edgar/data/0001280058/000119312512023311/d287213dex99d3.htm,21899,3397,5475,116,1,17,False
contractnli,train,580,1288379_0000950123-07-003101_y31044exv99wdw5.htm,sec-html,https://www.sec.gov/Archives/edgar/data/0001288379/000095012307003101/y31044exv99wdw5.htm,16451,2504,4113,186,1,17,False
contractnli,train,581,1288379_0000950123-07-003101_y31044exv99wdw6.htm,sec-html,https://www.sec.gov/Archives/edgar/data/0001288379/000095012307003101/y31044exv99wdw6.htm,18215,2736,4554,196,1,17,False
contractnli,train,583,913610_0001047469-03-027395_a2116567zex-99_e3.htm,sec-html,https://www.sec.gov/Archives/edgar/data/0000913610/000104746903027395/a2116567zex-99_e3.htm,19443,3058,4861,151,1,17,False
contractnli,train,587,918541_0001193125-14-328980_d785003dex105.htm,sec-html,https://www.sec.gov/Archives/edgar/data/0000918541/000119312514328980/d785003dex105.htm,16498,2582,4125,126,1,17,False
contractnli,train,588,931784_0001104659-07-068716_a07-23871_1ex2.htm,sec-html,https://www.sec.gov/Archives/edgar/data/0000931784/000110465907068716/a07-23871_1ex2.htm,20704,3201,5176,91,1,17,False
contractnli,train,589,948850_0000950123-10-020820_p17071exv99wew4.htm,sec-html,https://www.sec.gov/Archives/edgar/data/0000948850/000095012310020820/p17071exv99wew4.htm,14160,2250,3540,75,1,17,False
contractnli,train,592,1323115_0000950123-10-098499_c60911exv99wdw3.htm,sec-html,https://www.sec.gov/Archives/edgar/data/0001323115/000095012310098499/c60911exv99wdw3.htm,10981,1674,2746,79,1,17,False
contractnli,train,593,1329919_0001193125-14-149149_d701401dex99d6.htm,sec-html,https://www.sec.gov/Archives/edgar/data/0001329919/000119312514149149/d701401dex99d6.htm,29865,4656,7467,126,1,17,False
contractnli,train,594,1332602_0001193125-12-512465_d454990dex99d2.htm,sec-html,https://www.sec.gov/Archives/edgar/data/0001332602/000119312512512465/d454990dex99d2.htm,22411,3521,5603,126,1,17,False
contractnli,train,597,1363033_0001144204-06-024852_v045245_ex10-8.htm,sec-html,https://www.sec.gov/Archives/edgar/data/0001363033/000114420406024852/v045245_ex10-8.htm,6050,918,1513,41,1,17,False
contractnli,train,599,1367408_0001367408-06-000002_risb2ex105.htm,sec-html,https://www.sec.gov/Archives/edgar/data/0001367408/000136740806000002/risb2ex105.htm,2168,353,542,25,1,17,False
contractnli,train,602,1372664_0001193125-12-159071_d333885dex99d9.htm,sec-html,https://www.sec.gov/Archives/edgar/data/0001372664/000119312512159071/d333885dex99d9.htm,19714,2976,4929,114,1,17,False
contractnli,train,603,1373467_0001096350-07-000140_ex99threea.htm,sec-html,https://www.sec.gov/Archives/edgar/data/0001373467/000109635007000140/ex99threea.htm,8880,1346,2220,76,1,17,False
contractnli,train,604,1373671_0001193125-10-265249_dex99d3.htm,sec-html,https://www.sec.gov/Archives/edgar/data/0001373671/000119312510265249/dex99d3.htm,21968,3425,5492,113,1,17,False
contractnli,train,607,1413447_0001193125-16-771498_d295023dex99d5.htm,sec-html,https://www.sec.gov/Archives/edgar/data/0001413447/000119312516771498/d295023dex99d5.htm,28007,4300,7002,125,1,17,False
contractnli,train,608,1424657_0001213900-16-016691_f8k082516ex99iii_nextgroup.htm,sec-html,https://www.sec.gov/Archives/edgar/data/0001424657/000121390016016691/f8k082516ex99iii_nextgroup.htm,6714,1012,1679,43,1,17,False
contractnli,train,609,1430300_0000950152-08-005260_l32384aexv10w7.htm,sec-html,https://www.sec.gov/Archives/edgar/data/0001430300/000095015208005260/l32384aexv10w7.htm,1654,261,414,18,1,17,False
contractnli,train,612,1466739_0001002014-12-000470_exh10-4.htm,sec-html,https://www.sec.gov/Archives/edgar/data/0001466739/000100201412000470/exh10-4.htm,5608,804,1402,52,1,17,False
contractnli,train,613,1473637_0001432093-12-000764_ex10-34.htm,sec-html,https://www.sec.gov/Archives/edgar/data/0001473637/000143209312000764/ex10-34.htm,8032,1228,2008,54,1,17,False
contractnli,train,614,1475274_0001567619-17-000751_s001644x1_exd-2.htm,sec-html,https://www.sec.gov/Archives/edgar/data/0001475274/000156761917000751/s001644x1_exd-2.htm,23174,3489,5794,137,1,17,False
contractnli,train,615,1485469_0001193125-19-222469_d760929dex99d3.htm,sec-html,https://www.sec.gov/Archives/edgar/data/0001485469/000119312519222469/d760929dex99d3.htm,35146,5432,8787,201,1,17,False
contractnli,train,616,1487101_0001140361-19-008970_nc10001202x4_ex-d2.htm,sec-html,https://www.sec.gov/Archives/edgar/data/0001487101/000114036119008970/nc10001202x4_ex-d2.htm,24330,3730,6083,115,1,17,False
contractnli,train,617,1501697_0001193125-19-145463_d944716dex108.htm,sec-html,https://www.sec.gov/Archives/edgar/data/0001501697/000119312519145463/d944716dex108.htm,6358,948,1590,36,1,17,False
contractnli,train,618,1561604_0001193125-12-472390_d438799dex99d3.htm,sec-html,https://www.sec.gov/Archives/edgar/data/0001561604/000119312512472390/d438799dex99d3.htm,25312,3919,6328,134,1,17,False
contractnli,train,619,1574111_0001193125-14-440569_d826999dex99d5.htm,sec-html,https://www.sec.gov/Archives/edgar/data/0001574111/000119312514440569/d826999dex99d5.htm,14588,2167,3647,91,1,17,False
contractnli,train,620,1592288_0001193125-17-306543_d469659dex99e2.htm,sec-html,https://www.sec.gov/Archives/edgar/data/0001592288/000119312517306543/d469659dex99e2.htm,22347,3453,5587,128,1,17,False
contractnli,train,621,1609351_0001193125-19-066373_d642137dex99d2.htm,sec-html,https://www.sec.gov/Archives/edgar/data/0001609351/000119312519066373/d642137dex99d2.htm,20751,3173,5188,107,1,17,False
contractnli,train,622,1628908_0001193125-15-169530_d838828dex1016.htm,sec-html,https://www.sec.gov/Archives/edgar/data/0001628908/000119312515169530/d838828dex1016.htm,54570,8424,13643,354,1,17,False
contractnli,train,623,1689602_0001144204-16-140940_v455386_ex10-3.htm,sec-html,https://www.sec.gov/Archives/edgar/data/0001689602/000114420416140940/v455386_ex10-3.htm,18475,2761,4619,98,1,17,False
contractnli,train,624,1693664_0001193125-18-171470_d426098dex99d3.htm,sec-html,https://www.sec.gov/Archives/edgar/data/0001693664/000119312518171470/d426098dex99d3.htm,24864,3876,6216,130,1,17,False
contractnli,dev,3,09-24-2019-04-25-05-3914910473.pdf,search-pdf,https://www.oisair.net/uploads/pages/09-24-2019-04-25-05-3914910473.pdf,11141,1691,2786,97,1,17,False
contractnli,dev,7,1438076025NDA_28072015%20-%20AHPL.pdf,search-pdf,https://www.ktph.com.sg/uploads/1438076025NDA_28072015%20-%20AHPL.pdf,29837,4759,7460,208,1,17,False
contractnli,dev,9,17.04.01%20BPS%20Non-Disclosure%20and%20Data%20Sharing%20Agreement%20-%20Transportation%20Challenge%20vF.pdf,search-pdf,https://www.bostonpublicschools.org/cms/lib/MA01906464/Centricity/Domain/2263/17.04.01%20BPS%20Non-Disclosure%20and%20Data%20Sharing%20Agreement%20-%20Transportation%20Challenge%20vF.pdf,17303,2557,4326,144,1,17,False
contractnli,dev,10,180314-March-14-2018-SOW-M.pdf,search-pdf,https://www.cpr.ca/en/about-cp-site/ISDocuments/180314-March-14-2018-SOW-M.pdf,12487,1920,3122,112,1,17,False
contractnli,dev,12,183.pdf,search-pdf,http://brooksbottlingco.com/download_file/view/28/183,7688,1105,1922,61,1,17,False
contractnli,dev,13,20150916-model-sharing-non-disclosure-agreement.pdf,search-pdf,https://www.pjm.com/-/media/etools/edart/20150916-model-sharing-non-disclosure-agreement.ashx?la=en,22108,3283,5527,149,1,17,False
contractnli,dev,14,245490.pdf,search-pdf,https://materials.proxyvote.com/Approved/70336N/20150306/OTHER_245490.PDF,5515,855,1379,23,1,17,False
contractnli,dev,15,2_waycda.pdf,search-pdf,http://midven.co.uk/wp-content/uploads/2015/10/2_waycda.pdf,4911,742,1228,35,1,17,False
contractnli,dev,16,3511_standard_nda.pdf,search-pdf,https://www.nasdaqtrader.com/content/AdministrationSupport/AgreementsTrading/3511_standard_nda.pdf,8948,1284,2237,52,1,17,False
contractnli,dev,17,36C25520Q0076-013.pdf,search-pdf,https://www.vendorportal.ecms.va.gov/FBODocumentServer/DocumentServer.aspx?DocumentId=5279509&FileName=36C25520Q0076-013.pdf,16071,2387,4018,96,1,17,False
contractnli,dev,19,426-2017_Appendix_C-Sample_Non-Disclosure_Agreement.pdf,search-pdf,https://winnipeg.ca/finance/findata/matmgt/documents/2017/426-2017/426-2017_Appendix_C-Sample_Non-Disclosure_Agreement.pdf,7940,1198,1985,72,1,17,False
contractnli,dev,20,5-Appendix-Non-Disclosure-Agreement-Mutual.pdf,search-pdf,http://swelife.se/wp-content/uploads/2016/12/5-Appendix-Non-Disclosure-Agreement-Mutual.pdf,7021,1040,1756,62,1,17,False
contractnli,dev,27,AICPMutualNDA_1219166_writableV2.pdf,search-pdf,http://www.aicp.com/assets/editor/AICPMutualNDA_1219166_writableV2.pdf,14191,2013,3548,97,1,17,False
contractnli,dev,28,ATI%20504%20US%20Mutual%20NDA.pdf,search-pdf,https://www.amphenol-industrial.de/upload/ATI%20504%20US%20Mutual%20NDA.pdf,10338,1604,2585,76,1,17,False
contractnli,dev,29,Acme%20Corporation%20Inc%20NDA%20template.pdf,search-pdf,https://www.adobe.com/content/dam/cc/en/legal/terms/enterprise/pdfs/Acme%20Corporation%20Inc%20NDA%20template.pdf,6125,826,1532,57,1,17,False
contractnli,dev,32,Agreement_6_28_07.pdf,search-pdf,http://www.championaerospace.com/wp-content/uploads/2015/07/Agreement_6_28_07.pdf,15313,2367,3829,91,1,17,False
contractnli,dev,33,Annex 18 - Non-Disclosure Agreement.pdf,search-pdf,https://www.fmo.nl/l/en/library/download/urn:uuid:df002f0c-7a5c-427e-9313-36f846a76740/annex+18+-+non-disclosure+agreement.pdf?format=save_to_disk&ext=.pdf,12448,1973,3112,108,1,17,False
contractnli,dev,35,Annexure-3_Confidentiality-Agreement.pdf,search-pdf,http://www.hernic.co.za/wp-content/uploads/2017/09/Annexure-3_Confidentiality-Agreement.pdf,22706,3520,5677,156,1,17,False
contractnli,dev,37,Attachment 9 -  Non Disclosure Agreement (Version 1).pdf,search-pdf,https://data.gov.uk/data/contracts-finder-archive/download/1248031/3b6c553c-5cb2-46a9-9a74-6953817511e6,16712,2559,4178,147,1,17,False
contractnli,dev,39,Attachment%203%20-%20Confidentiality%20Release%20Form_201504131404512865.pdf,search-pdf,https://www.loudoun.gov/DocumentCenter/View/113379,5835,868,1459,65,1,17,False
contractnli,dev,44,BOMI%20Non-Disclosure%20Agreement.pdf,search-pdf,http://www.bomi.org/uploadedFiles/BOMI%20Non-Disclosure%20Agreement.pdf,5924,930,1481,32,1,17,False
contractnli,dev,45,BTS_NDA.pdf,search-pdf,https://www.brookstech.com/s/BTS_NDA.pdf,6572,965,1643,47,1,17,False
contractnli,dev,54,C_TERMS_NDA_EN.pdf,search-pdf,https://www.fronius.com/~/downloads/Company/Legal%20Documents/C_TERMS_NDA_EN.pdf,7730,1074,1933,61,1,17,False
contractnli,dev,56,annex-2-sample-non-disclosure-agreement.pdf,search-pdf,https://www.calpnetwork.org/wp-content/uploads/2020/01/annex-2-sample-non-disclosure-agreement.pdf,11830,1852,2958,74,1,17,False
contractnli,dev,61,ccporappdev-rfp-att8.pdf,search-pdf,http://www.courts.ca.gov/xbcr/cc/ccporappdev-rfp-att8.pdf,12793,1990,3199,65,1,17,False
contractnli,dev,63,CI-Non-Disclosure-Agreement-an5h.pdf,search-pdf,https://www.commercialinvestigationsllc.com/s/CI-Non-Disclosure-Agreement-an5h.pdf,11844,1732,2961,60,1,17,False
contractnli,dev,64,CNDA1218Draft3.pdf,search-pdf,https://www.car.org/-/media/CAR/Documents/Transaction-Center/PDF/Standard-Forms/December-2018/CNDA1218Draft3.pdf?la=en&hash=8348FD232DA0A78D11F54C80F7A1C83E9DF196B8,32358,4113,8090,255,1,17,False
contractnli,dev,69,Confidentiality%20ND%20Agreement%209.pdf,search-pdf,https://system.na1.netsuite.com/core/media/media.nl?id=310837&c=1146044&h=f4af8d594e5f808870fb&_xt=.pdf,17537,2575,4385,115,1,17,False
contractnli,dev,70,Confidentiality%20Non-Disclosure%20and%20Appropriate%20Use%20Agreement%20-%20FAU.01082016.pdf,search-pdf,https://www.fau.edu/hipaa/pdfs/Confidentiality%20Non-Disclosure%20and%20Appropriate%20Use%20Agreement%20-%20FAU.01082016.pdf,6561,978,1641,37,1,17,False
contractnli,dev,71,Confidentiality%20and%20Non-Disclosure%20Agreement%20%28CNA-1%29.pdf,search-pdf,https://totalcommercial.com/attachment/39461/Confidentiality%20and%20Non-Disclosure%20Agreement%20%28CNA-1%29.pdf,3311,388,828,35,1,17,False
contractnli,dev,72,Confidentiality%20and%20Non-Disclosure%20Agreement.pdf,search-pdf,http://www.extranets.bdo.ca/baldwin/docs/Confidentiality%20and%20Non-Disclosure%20Agreement.pdf,15177,2366,3795,100,1,17,False
contractnli,dev,73,Confidentiality-and-Non-Disclosure-Agreement-LSI-ABC.pdf,search-pdf,https://lsi-assignee.com/wp-content/uploads/2019/04/Confidentiality-and-Non-Disclosure-Agreement-LSI-ABC.pdf,32334,4792,8084,201,1,17,False
contractnli,dev,75,Confidentiality.pdf,search-pdf,https://www.safinvestaz.com/assets/pdfs/Confidentiality.pdf,8229,1196,2058,64,1,17,False
contractnli,dev,79,Confidentiality_and_Non-Disclosure_Agreement.pdf,search-pdf,http://cifsolutions.com/wp-content/uploads/2017/02/Confidentiality_and_Non-Disclosure_Agreement.pdf,7058,1102,1765,65,1,17,False
contractnli,dev,81,clearcenter-rnda.pdf,search-pdf,https://clearos.com/images/media_center/clear-center-legal/clearcenter-rnda.pdf,6926,1004,1732,59,1,17,False
contractnli,dev,82,confagree.pdf,search-pdf,http://hannaford.com.au/mergers/confagree.pdf,5680,920,1420,41,1,17,False
contractnli,dev,152,MNDA.pdf,search-pdf,http://www.greenclubinc.com/powerpoint/MNDA.pdf,6981,1083,1746,50,1,17,False
contractnli,dev,205,NDA-No-Reservations-Layer-8-Security.pdf,search-pdf,https://layer8security.com.au/wp-content/uploads/2016/03/NDA-No-Reservations-Layer-8-Security.pdf,13608,2049,3402,94,1,17,False
contractnli,dev,381,109261_0000950172-02-002217_los283194.txt,sec-text,https://www.sec.gov/Archives/edgar/data/0000109261/000095017202002217/0000950172-02-002217.txt,13449,2098,3363,115,1,17,False
contractnli,dev,398,88190_0000950144-96-003474_document_2.txt,sec-text,https://www.sec.gov/Archives/edgar/data/0000088190/000095014496003474/0000950144-96-003474.txt,13543,2019,3386,99,1,17,False
contractnli,dev,405,804151_0000950144-97-007563_document_14.txt,sec-text,https://www.sec.gov/Archives/edgar/data/0000804151/000095014497007563/0000950144-97-007563.txt,14463,2279,3616,89,1,17,False
contractnli,dev,406,813562_0000950117-99-001205_document_14.txt,sec-text,https://www.sec.gov/Archives/edgar/data/0000813562/000095011799001205/0000950117-99-001205.txt,7634,1197,1909,66,1,17,False
contractnli,dev,411,859792_0001005477-96-000681_document_3.txt,sec-text,https://www.sec.gov/Archives/edgar/data/0000859792/000100547796000681/0001005477-96-000681.txt,9424,1463,2356,46,1,17,False
contractnli,dev,435,1013322_0000912057-00-023405_document_2.txt,sec-text,https://www.sec.gov/Archives/edgar/data/0001013322/000091205700023405/0000912057-00-023405.txt,6633,967,1659,55,1,17,False
contractnli,dev,440,1016503_0000929624-00-000894_0010.txt,sec-text,https://www.sec.gov/Archives/edgar/data/0001016503/000092962400000894/0000929624-00-000894.txt,11298,1720,2825,78,1,17,False
contractnli,dev,456,1052303_0000950109-98-003654_document_16.txt,sec-text,https://www.sec.gov/Archives/edgar/data/0001052303/000095010998003654/0000950109-98-003654.txt,2269,340,568,20,1,17,False
contractnli,dev,478,1096182_0001144204-06-021678_v043804_ex10-3.txt,sec-text,https://www.sec.gov/Archives/edgar/data/0001096182/000114420406021678/0001144204-06-021678.txt,12582,1864,3146,82,1,17,False
contractnli,dev,482,1100772_0001038838-02-000125_ex1032sb2no5.txt,sec-text,https://www.sec.gov/Archives/edgar/data/0001100772/000103883802000125/0001038838-02-000125.txt,5223,786,1306,32,1,17,False
contractnli,dev,486,1104332_0000950144-00-008876_ex10-26.txt,sec-text,https://www.sec.gov/Archives/edgar/data/0001104332/000095014400008876/0000950144-00-008876.txt,7302,1129,1826,41,1,17,False
contractnli,dev,488,1108244_0001012870-00-001650_document_32.txt,sec-text,https://www.sec.gov/Archives/edgar/data/0001108244/000101287000001650/0001012870-00-001650.txt,4322,671,1081,21,1,17,False
contractnli,dev,507,313522_0000912057-02-040085_a2091647zex-99_d3.htm,sec-html,https://www.sec.gov/Archives/edgar/data/0000313522/000091205702040085/a2091647zex-99_d3.htm,7338,1168,1835,47,1,17,False
contractnli,dev,547,1021097_0001047469-11-001653_a2202345zex-99_d10.htm,sec-html,https://www.sec.gov/Archives/edgar/data/0001021097/000104746911001653/a2202345zex-99_d10.htm,6958,1054,1740,52,1,17,False
contractnli,dev,563,1094814_0001140361-18-017998_s002178x1_ex99d7.htm,sec-html,https://www.sec.gov/Archives/edgar/data/0001094814/000114036118017998/s002178x1_ex99d7.htm,13207,1986,3302,80,1,17,False
contractnli,dev,575,1253176_0001193125-18-317778_d567323dex1024.htm,sec-html,https://www.sec.gov/Archives/edgar/data/0001253176/000119312518317778/d567323dex1024.htm,10058,1481,2515,86,1,17,False
contractnli,dev,582,912890_0001193125-11-030842_dex99d5.htm,sec-html,https://www.sec.gov/Archives/edgar/data/0000912890/000119312511030842/dex99d5.htm,13924,2157,3481,78,1,17,False
contractnli,dev,586,917639_0000912057-01-537118_a2062042zex-99_d7.htm,sec-html,https://www.sec.gov/Archives/edgar/data/0000917639/000091205701537118/a2062042zex-99_d7.htm,21536,3283,5384,144,1,17,False
contractnli,dev,590,1289434_0001047469-10-008010_a2200117zex-99_d3.htm,sec-html,https://www.sec.gov/Archives/edgar/data/0001289434/000104746910008010/a2200117zex-99_d3.htm,23755,3608,5939,131,1,17,False
contractnli,dev,595,1334303_0001193125-10-204560_dex99e5.htm,sec-html,https://www.sec.gov/Archives/edgar/data/0001334303/000119312510204560/dex99e5.htm,22851,3592,5713,145,1,17,False
contractnli,dev,598,1366649_0001193125-14-380778_d808213dex99d2.htm,sec-html,https://www.sec.gov/Archives/edgar/data/0001366649/000119312514380778/d808213dex99d2.htm,12487,1879,3122,65,1,17,False
contractnli,dev,605,1392091_0000950123-11-021325_c13551exv99w7.htm,sec-html,https://www.sec.gov/Archives/edgar/data/0001392091/000095012311021325/c13551exv99w7.htm,12345,1875,3087,67,1,17,False
contractnli,dev,610,1452751_0001193125-17-086167_d334994dex99e3.htm,sec-html,https://www.sec.gov/Archives/edgar/data/0001452751/000119312517086167/d334994dex99e3.htm,18039,2729,4510,100,1,17,False
contractnli,test,1, 064-19 Non Disclosure Agreement 2019.pdf,search-pdf,https://www.jea.com/About/Procurement/Formal_Procurement_Opportunities/064-19_Non_Disclosure_Agreement_2019.aspx,16631,2450,4158,118,1,17,False
contractnli,test,2,01_Bosch-Automotive-Service-Solutions-Mutual-Non-Disclosure-Agreement-7-12-17.pdf,search-pdf,http://suppliers.otctools.com/wp-content/uploads/2017/07/01_Bosch-Automotive-Service-Solutions-Mutual-Non-Disclosure-Agreement-7-12-17.pdf,15296,2311,3824,110,1,17,False
contractnli,test,4,118.3-Non-disclosure-agreement.pdf,search-pdf,https://frodsham.gov.uk/wp-content/uploads/2019/05/118.3-Non-disclosure-agreement.pdf,2404,380,601,24,1,17,False
contractnli,test,5,12032018_NDA_The%20Munt_EN.pdf,search-pdf,https://www2.deloitte.com/content/dam/Deloitte/be/Documents/realestate/Sale_of_the_Munt/12032018_NDA_The%20Munt_EN.pdf,6886,1007,1722,52,1,17,False
contractnli,test,6,130806ca141.pdf,search-pdf,http://legacycontent.halifax.ca/council/agendasc/documents/130806ca141.PDF,8714,1310,2179,53,1,17,False
contractnli,test,8,1588052992CCTV%20Non%20Disclosure%20Agreement.pdf,search-pdf,https://www.hciwellington.gov.in/docs/1588052992CCTV%20Non%20Disclosure%20Agreement.pdf,5750,871,1438,60,1,17,False
contractnli,test,11,18268-001%20Rev%20B%20Form%20Version%20in%20PDF.pdf,search-pdf,http://www.vidar.com/film/images/stories/PDFs/oem_resellers/18268-001%20Rev%20B%20Form%20Version%20in%20PDF.pdf,12206,1753,3052,91,1,17,False
contractnli,test,18,41629_1.pdf,search-pdf,https://www.business-partnership.com/uploads/business/pdf/41629_1.pdf,6224,955,1556,59,1,17,False
contractnli,test,21,5-NSK-Confidentiality-Agreement-for-Suppliers.pdf,search-pdf,https://www.nskeurope.com/content/dam/nskcmsr/downloads/literature_corporate/5-NSK-Confidentiality-Agreement-for-Suppliers.pdf,12237,1892,3060,98,1,17,False
contractnli,test,22,54c808c1b20e4490b1300ad2ce3b9649.pdf,search-pdf,https://www.regjeringen.no/link/54c808c1b20e4490b1300ad2ce3b9649.aspx?id=2139003,7807,1216,1952,80,1,17,False
contractnli,test,23,59b1148ff6952b0001bdbedc_20170907_non%20disclosure%20agreement_expert.pdf,search-pdf,https://global-uploads.webflow.com/585a74cc2b4c3e003c9575b3/59b1148ff6952b0001bdbedc_20170907_non%20disclosure%20agreement_expert.pdf,15197,2334,3800,119,1,17,False
contractnli,test,24,5bfbcabf0627e70bdcfc5b32_nda-ready4s.pdf,search-pdf,https://uploads-ssl.webflow.com/5bf7d4116ffe19589ea8d17e/5bfbcabf0627e70bdcfc5b32_nda-ready4s.pdf,9813,1559,2454,93,1,17,False
contractnli,test,25,ADVANIDE-NON-DISCLOSURE-AGREEMENT.pdf,search-pdf,http://www.advanide.com/wp-content/uploads/2019/01/ADVANIDE-NON-DISCLOSURE-AGREEMENT.pdf,6181,978,1546,61,1,17,False
contractnli,test,26,AGProjects-NDA.pdf,search-pdf,http://ag-projects.com/docs/AGProjects-NDA.pdf,8417,1256,2105,81,1,17,False
contractnli,test,30,AfriGIS_Client-NDA_Template_2019.pdf,search-pdf,https://www.afrigis.co.za/wp-content/uploads/2019/09/AfriGIS_Client-NDA_Template_2019.pdf,24089,3544,6023,240,1,17,False
contractnli,test,31,Agency-Lending-Disclosure_A-Z-Guide_Appendix_Sample-Confidentiality-Agreements.pdf,search-pdf,https://www.sifma.org/wp-content/uploads/2017/08/Agency-Lending-Disclosure_A-Z-Guide_Appendix_Sample-Confidentiality-Agreements.pdf,5756,836,1439,45,1,17,False
contractnli,test,36,Aspiegel_NDA_template.pdf,search-pdf,https://huaweimobileservices.com/wp-content/uploads/2018/02/Aspiegel_NDA_template.pdf,12908,2013,3227,100,1,17,False
contractnli,test,38,Attachment B - Intent to Propose and Non-Disclosure Agreement.pdf,search-pdf,https://aws.state.ak.us/OnlinePublicNotices/Notices/Attachment.aspx?id=110903,17210,2599,4303,116,1,17,False
contractnli,test,40,Attachment%20J.2%20-%20Non-Disclosure%20Agreement%20-Technology%20Services.pdf,search-pdf,https://www.house.gov/sites/default/files/uploads/documents/solicitations/Attachment%20J.2%20-%20Non-Disclosure%20Agreement%20-Technology%20Services.pdf,2891,383,723,30,1,17,False
contractnli,test,41,Attachment-I-Non-DisclosureAgreementContractor.pdf,search-pdf,https://procurement.maryland.gov/wp-content/uploads/sites/12/2018/04/Attachment-I-Non-DisclosureAgreementContractor.pdf,10542,1405,2636,164,1,17,False
contractnli,test,42,BCG-Mutual-NDA.pdf,search-pdf,https://pronto-core-cdn.prontomarketing.com/2/wp-content/uploads/sites/1637/2017/02/BCG-Mutual-NDA.pdf,8624,1334,2156,98,1,17,False
contractnli,test,43,BO115-07-non-disclosure-agreement.pdf,search-pdf,http://www.beeonline.co.za/wp-content/uploads/2015/09/BO115-07-non-disclosure-agreement.pdf,9563,1484,2391,95,1,17,False
contractnli,test,46,BT_NDA.pdf,search-pdf,http://www.transnet.net/BusinessWithUs/TNInfrastructurePlan/BT_NDA.pdf,10547,1535,2637,102,1,17,False
contractnli,test,47,BaconNon-Disclosure.pdf,search-pdf,https://baconbusinesssales.com/wp-content/uploads/2013/07/BaconNon-Disclosure.pdf,4115,668,1029,31,1,17,False
contractnli,test,48,Basic-Non-Disclosure-Agreement.pdf,search-pdf,https://nondisclosureagreement.com/wp-content/uploads/2018/03/Basic-Non-Disclosure-Agreement.pdf,5291,758,1323,55,1,17,False
contractnli,test,49,Bio-FIP-EOI-NDA.pdf,search-pdf,https://s3-eu-west-1.amazonaws.com/assets.eti.co.uk/legacyUploads/2016/05/Bio-FIP-EOI-NDA.pdf,14711,2360,3678,82,1,17,False
contractnli,test,50,Business-Sale-Non-Disclosure-Agreement.pdf,search-pdf,http://ideologyconsulting.co.uk/wp-content/uploads/2017/02/Business-Sale-Non-Disclosure-Agreement.pdf,4943,806,1236,43,1,17,False
contractnli,test,51,CA-Nov14-Doc.5.14%20-%20Template%20Confidentiality%20Agreement.pdf,search-pdf,https://circabc.europa.eu/sd/a/013d691e-63d6-40a9-8c0a-9aac4de08834/CA-Nov14-Doc.5.14%20-%20Template%20Confidentiality%20Agreement.pdf,6015,946,1504,50,1,17,False
contractnli,test,52,CBP%20Non-Disclosure%20Form_October2018.pdf,search-pdf,https://www.cbp.gov/sites/default/files/assets/documents/2018-Oct/CBP%20Non-Disclosure%20Form_October2018.pdf,12917,1997,3230,67,1,17,False
contractnli,test,53,CCS-Salt-Cavern-RfP-NDA.pdf,search-pdf,https://s3-eu-west-1.amazonaws.com/assets.eti.co.uk/legacyUploads/2016/04/CCS-Salt-Cavern-RfP-NDA.pdf,14758,2369,3690,83,1,17,False
contractnli,test,55,amc-general-mutual-non-disclosure-agreement-en-gb.pdf,search-pdf,https://amcbanking.com/downloads/AMC-General-Mutual-Non-Disclosure-Agreement-EN-GB.pdf,10402,1468,2601,77,1,17,False
contractnli,test,57,annex-iii---nda-agreement..pdf,search-pdf,http://pwc.blogs.com/files/annex-iii---nda-agreement..pdf,4007,580,1002,52,1,17,False
contractnli,test,58,appendix-g-nda-form.pdf,search-pdf,https://www.nationalgridus.com/media/pdfs/bulk-energy-storage-request-for-proposals/appendix-g-nda-form.pdf,41778,6125,10445,249,1,17,False
contractnli,test,59,buyer_profile.pdf,search-pdf,http://www.aldes.co.za/buyer_profile.pdf,9344,1411,2336,76,1,17,False
contractnli,test,60,casino-nondisclosure-agmt.pdf,search-pdf,https://www.mohican.com/mt-content/uploads/2017/07/casino-nondisclosure-agmt.pdf,5178,745,1295,46,1,17,False
contractnli,test,62,ceii-and-nda.pdf,search-pdf,https://www.scrtp.com/docs/librariesprovider12/default-document-library/scanacriticalenergyinfrastructureinformationandconfidentialinformationnda03202014.pdf,16683,2391,4171,124,1,17,False
contractnli,test,65,CON-NDA-PTL-01-2012-v1%20Non-Disclosure%20Agreement%20and%20Checklist.pdf,search-pdf,https://www.coaa.ab.ca/COAA-Library/CON-NDA-PTL-01-2012-v1%20Non-Disclosure%20Agreement%20and%20Checklist.pdf,13724,2105,3431,123,1,17,False
contractnli,test,66,Clause-de-non-divulgation.pdf,search-pdf,http://defta.eu/wp-content/uploads/2015/05/Clause-de-non-divulgation.pdf,7369,1178,1843,64,1,17,False
contractnli,test,67,ConfidNonDisclosureAgree.pdf,search-pdf,https://www.rvss.us/content/files/ConfidNonDisclosureAgree.pdf,6424,930,1606,50,1,17,False
contractnli,test,68,Confidentiality%20Agreement.pdf,search-pdf,http://cfcanada.fticonsulting.com/PDI/docs/Confidentiality%20Agreement.pdf,25166,3803,6292,112,1,17,False
contractnli,test,74,Confidentiality-and-Nondisclosure-Agreement-Template.pdf,search-pdf,http://www.astate.edu/dotAsset/fb9680e4-c2ad-44dc-803c-3562234b8f8f.pdf,6965,987,1742,44,1,17,False
contractnli,test,76,ConfidentialityAgreement.pdf,search-pdf,https://www.anton-paar.com/fileadmin/Footer/Legal_Notice/General_Terms_of_Purchase/Anton_Paar_GmbH/ConfidentialityAgreement.pdf,8350,1230,2088,84,1,17,False
contractnli,test,77,Confidentiality_Agreement_1.pdf,search-pdf,http://www.helukabel-gmbh.de/media/publication/de/cor_docs/ge_23/Confidentiality_Agreement.pdf,3243,492,811,43,1,17,False
contractnli,test,78,Confidentiality_Non-Disclosure_Agreement.pdf,search-pdf,https://www.kittyhavenutah.org/assets/files/Confidentiality_Non-Disclosure_Agreement.pdf,11065,1661,2767,58,1,17,False
contractnli,test,80,Confidentiality_and_Non-Disclosure_Agreement_Rev_10-20-16.pdf,search-pdf,http://www.itsc.org/Documents/Confidentiality_and_Non-Disclosure_Agreement_Rev_10-20-16.pdf,9688,1395,2422,67,1,17,False
contractnli,test,83,confidentiality-agreement.pdf,search-pdf,https://www.mnpower.com/Content/Documents/CustomerService/DistributedGeneration/confidentiality-agreement.pdf,6685,1009,1672,43,1,17,False
contractnli,test,84,confidentiality_agreement.pdf,search-pdf,https://www.haldex.com/globalassets/north-america/documents/supplier/confidentiality_agreement.pdf,5938,869,1485,81,1,17,False
contractnli,test,85,confidentialityandnondisclosureagreement.pdf,search-pdf,http://iprights.dkpto.org/media/18746113/confidentialityandnondisclosureagreement.pdf,3509,526,878,30,1,17,False
contractnli,test,90,Data_Use_and_Non_Disclosure_Data_Disclosed_to_MDCH_Trauma_Registry_Final_465518_7.pdf,search-pdf,https://www.michigan.gov/documents/mdch/Data_Use_and_Non_Disclosure_Data_Disclosed_to_MDCH_Trauma_Registry_Final_465518_7.pdf,4450,627,1113,37,1,17,False
contractnli,test,97,dhs-nda.pdf,search-pdf,https://fas.org/sgp/othergov/dhs-nda.pdf,12917,1997,3230,67,1,17,False
contractnli,test,99,eHandshake_Non_Disclosure_Agreement.pdf,search-pdf,http://www.partnerre.com/assets/uploads/docs/eHandshake_Non_Disclosure_Agreement.pdf,6912,1082,1728,39,1,17,False
contractnli,test,117,Generic-NDA-Pitch-Deck-Fire.pdf,search-pdf,https://pitchdeckfire.com/wp-content/uploads/2016/02/Generic-NDA-Pitch-Deck-Fire.pdf,5098,732,1275,50,1,17,False
contractnli,test,127,ICTSC-NDA-General-MandA-signed.pdf,search-pdf,http://ictstrategicservices.com.au/wp-content/uploads/2016/08/ICTSC-NDA-General-MandA-signed.pdf,5577,831,1395,70,1,17,False
contractnli,test,129,"IMOA%20Molybdenum%20Consortium%20NDA%20Agreement%20amended%20Jan%2008,%20valid%20March%2009%20onwards.pdf",search-pdf,"https://www.molybdenumconsortium.org/assets/files/IMOA%20Molybdenum%20Consortium%20NDA%20Agreement%20amended%20Jan%2008,%20valid%20March%2009%20onwards.pdf",10088,1558,2522,74,1,17,False
contractnli,test,138,LMS_Non_Disclosure_Agreement.pdf,search-pdf,http://www.lastmanstands.com/files/LMS_Non_Disclosure_Agreement.pdf,6142,924,1536,42,1,17,False
contractnli,test,157,MUTUAL_NDA.pdf,search-pdf,https://datatrec.com/wp-content/uploads/2016/07/MUTUAL_NDA.pdf,5809,856,1453,42,1,17,False
contractnli,test,165,Mutual-Non-Disclosure-Agreement-Inventor-Product-Development-Experts-Inc..pdf,search-pdf,http://3d-printing-expert.com/wp-content/uploads/2019/03/Mutual-Non-Disclosure-Agreement-Inventor-Product-Development-Experts-Inc..pdf,8751,1276,2188,71,1,17,False
contractnli,test,181,mutual-non-disclosure-agreement.pdf,search-pdf,https://www.acumensystems.com/media/documents/mutual-non-disclosure-agreement.pdf,8247,1284,2062,62,1,17,False
contractnli,test,190,nda_9.pdf,search-pdf,https://www.itagg.com/nda.pdf,7684,1187,1921,75,1,17,False
contractnli,test,212,NDA-Template-Media-News-Group-inc.pdf,search-pdf,http://www.hoffmanland.com/wp-content/uploads/2016/05/NDA-Template-Media-News-Group-inc.pdf,10192,1534,2548,56,1,17,False
contractnli,test,213,NDA-Urban_Wind_Turbines.pdf,search-pdf,https://nrgpropertyservicescompany.co.uk/wp-content/uploads/2018/09/NDA-Urban_Wind_Turbines.pdf,8173,1247,2044,90,1,17,False
contractnli,test,218,NDAMutualTemplateClientFill.pdf,search-pdf,https://www.design1st.com/wp-content/uploads/2013/12/NDAMutualTemplateClientFill.pdf,9844,1540,2461,64,1,17,False
contractnli,test,225,NDA_ResConnect.pdf,search-pdf,http://support.resrequest.com/wp-content/uploads/2017/11/NDA_ResConnect.pdf,3455,494,864,44,1,17,False
contractnli,test,227,NDA_Street_Stream_Franchise.pdf,search-pdf,https://streetstream.co.uk/files/NDA_Street_Stream_Franchise.pdf,20822,3248,5206,161,1,17,False
contractnli,test,228,NDA_V3.pdf,search-pdf,http://www.hysafe.org/download/22/NDA_V3.pdf,5946,848,1487,79,1,17,False
contractnli,test,289,Non-Disclosure-Agreement-NDA.pdf,search-pdf,https://accruence.com/content/uploads/2019/06/Non-Disclosure-Agreement-NDA.pdf,4416,691,1104,38,1,17,False
contractnli,test,293,Non-Disclosure-Secrecy-Agreement.pdf,search-pdf,https://plberry.co.nz/wp-content/uploads/2019/05/Non-Disclosure-Secrecy-Agreement.pdf,1230,202,308,24,1,17,False
contractnli,test,296,Non-Disclosure-form_1.pdf,search-pdf,https://www.financialelevationllc.com/s/Non-Disclosure-form.pdf,10026,1509,2507,86,1,17,False
contractnli,test,301,NonDisclosureAgreementNDASAMITT20190002v2.pdf,search-pdf,https://www.singaporeartmuseum.sg/-/media/sam/files/tender-docs/sam-itt-2019-0002/nondisclosureagreementndasamitt20190002v2.pdf?la=en&hash=50305AC81EE2D9870A369818A8A14420FCD5B35F,4732,734,1183,68,1,17,False
contractnli,test,307,non-disclosure-agreement-en.pdf,search-pdf,http://www.la.logicalis.com/globalassets/latin-america/partnership-enrollment/non-disclosure-agreement-en.pdf,9613,1463,2404,66,1,17,False
contractnli,test,310,non-disclosure-agreement-template.pdf,search-pdf,https://www.nationalarchives.gov.uk/documents/non-disclosure-agreement-template.pdf,4852,676,1213,44,1,17,False
contractnli,test,321,Pitch-Deck-Fire-Workshop-NDA-2.2017.pdf,search-pdf,https://pitchdeckfire.com/wp-content/uploads/2016/12/Pitch-Deck-Fire-Workshop-NDA-2.2017.pdf,5739,865,1435,41,1,17,False
contractnli,test,336,SAMED%20confidentiality%20non%20disclosure%20and%20conflict%20of%20interest%20agreement%20for%20board%20and%20committee%20members%20ver%201.pdf,search-pdf,http://www.samed.org.za/Filemanager/userfiles/SAMED%20confidentiality%20non%20disclosure%20and%20conflict%20of%20interest%20agreement%20for%20board%20and%20committee%20members%20ver%201.pdf,11534,1866,2884,102,1,17,False
contractnli,test,354,Template-NDA-2-way-final-1.pdf,search-pdf,https://research.mcmaster.ca/app/uploads/2019/09/Template-NDA-2-way-final-1.pdf,9356,1383,2339,90,1,17,False
contractnli,test,357,UALR-Standard-Non-disclosure-AgreementTemplate.pdf,search-pdf,https://ualr.edu/techlaunch/files/2011/10/UALR-Standard-Non-disclosure-AgreementTemplate.pdf,4956,703,1239,44,1,17,False
contractnli,test,361,VELCO%20NDA%20rev0%20Dec%2014%202015.pdf,search-pdf,http://www.velco.com/assets/documents/VELCO%20NDA%20rev0%20Dec%2014%202015.pdf,11656,1722,2914,94,1,17,False
contractnli,test,387,65781_0000950123-00-009565_y41542ex99-d_3.txt,sec-text,https://www.sec.gov/Archives/edgar/data/0000065781/000095012300009565/0000950123-00-009565.txt,8579,1304,2145,79,1,17,False
contractnli,test,389,71297_0000071297-97-000059_document_6.txt,sec-text,https://www.sec.gov/Archives/edgar/data/0000071297/000007129797000059/0000071297-97-000059.txt,3757,600,940,27,1,17,False
contractnli,test,392,768384_0000912057-00-018619_document_8.txt,sec-text,https://www.sec.gov/Archives/edgar/data/0000768384/000091205700018619/0000912057-00-018619.txt,8776,1293,2194,43,1,17,False
contractnli,test,395,86115_0000930661-99-001321_document_3.txt,sec-text,https://www.sec.gov/Archives/edgar/data/0000086115/000093066199001321/0000930661-99-001321.txt,18370,2796,4593,165,1,17,False
contractnli,test,400,96238_0000950116-97-001823_document_13.txt,sec-text,https://www.sec.gov/Archives/edgar/data/0000096238/000095011697001823/0000950116-97-001823.txt,13911,2212,3478,89,1,17,False
contractnli,test,401,1002276_0001036050-99-002047_document_13.txt,sec-text,https://www.sec.gov/Archives/edgar/data/0001002276/000103605099002047/0001036050-99-002047.txt,9816,1505,2454,60,1,17,False
contractnli,test,408,817516_0001014909-05-000102_exh99_4sept2005.txt,sec-text,https://www.sec.gov/Archives/edgar/data/0000817516/000101490905000102/0001014909-05-000102.txt,12477,1944,3120,104,1,17,False
contractnli,test,412,880458_0001021408-01-510269_dex1087.txt,sec-text,https://www.sec.gov/Archives/edgar/data/0000880458/000102140801510269/0001021408-01-510269.txt,18294,2788,4574,144,1,17,False
contractnli,test,413,883905_0001095811-01-000469_f68556ex99-d12.txt,sec-text,https://www.sec.gov/Archives/edgar/data/0000883905/000109581101000469/0001095811-01-000469.txt,6086,854,1522,72,1,17,False
contractnli,test,429,934545_0000891618-99-004640_document_2.txt,sec-text,https://www.sec.gov/Archives/edgar/data/0000934545/000089161899004640/0000891618-99-004640.txt,7970,1185,1993,68,1,17,False
contractnli,test,432,1010471_0000950134-97-006281_document_5.txt,sec-text,https://www.sec.gov/Archives/edgar/data/0001010471/000095013497006281/0000950134-97-006281.txt,21513,3437,5379,132,1,17,False
contractnli,test,433,1011671_0000936392-99-000246_document_46.txt,sec-text,https://www.sec.gov/Archives/edgar/data/0001011671/000093639299000246/0000936392-99-000246.txt,10103,1527,2526,61,1,17,False
contractnli,test,444,1021086_0000950162-99-000581_document_3.txt,sec-text,https://www.sec.gov/Archives/edgar/data/0001021086/000095016299000581/0000950162-99-000581.txt,18415,2803,4604,165,1,17,False
contractnli,test,446,1023734_0000912057-96-023266_document_16.txt,sec-text,https://www.sec.gov/Archives/edgar/data/0001023734/000091205796023266/0000912057-96-023266.txt,1605,229,402,13,1,17,False
contractnli,test,451,1042282_0000893220-02-000791_e61414toexv99wxdywx1y.txt,sec-text,https://www.sec.gov/Archives/edgar/data/0001042282/000089322002000791/0000893220-02-000791.txt,7717,1137,1930,79,1,17,False
contractnli,test,452,1043003_0000950170-98-000097_document_12.txt,sec-text,https://www.sec.gov/Archives/edgar/data/0001043003/000095017098000097/0000950170-98-000097.txt,5239,782,1310,23,1,17,False
contractnli,test,455,1050277_0001047469-99-000663_document_7.txt,sec-text,https://www.sec.gov/Archives/edgar/data/0001050277/000104746999000663/0001047469-99-000663.txt,2507,361,627,28,1,17,False
contractnli,test,465,1073090_0001356564-06-000012_sorell10ksbamend2x102.txt,sec-text,https://www.sec.gov/Archives/edgar/data/0001073090/000135656406000012/0001356564-06-000012.txt,14365,2272,3592,119,1,17,False
contractnli,test,471,1084000_0001144204-06-046785_v056501_ex10-16.txt,sec-text,https://www.sec.gov/Archives/edgar/data/0001084000/000114420406046785/0001144204-06-046785.txt,7561,1146,1891,52,1,17,False
contractnli,test,476,1095558_0000944209-00-000518_document_3.txt,sec-text,https://www.sec.gov/Archives/edgar/data/0001095558/000094420900000518/0000944209-00-000518.txt,10008,1498,2502,50,1,17,False
contractnli,test,493,1120792_0001019687-05-002206_morgan_10qex5-2.txt,sec-text,https://www.sec.gov/Archives/edgar/data/0001120792/000101968705002206/0001019687-05-002206.txt,8192,1289,2048,49,1,17,False
contractnli,test,496,1125892_0000950133-00-004441_w41075a1ex10-7.txt,sec-text,https://www.sec.gov/Archives/edgar/data/0001125892/000095013300004441/0000950133-00-004441.txt,12650,1860,3163,82,1,17,False
contractnli,test,497,1138169_0001050234-02-000002_ex10h.txt,sec-text,https://www.sec.gov/Archives/edgar/data/0001138169/000105023402000002/0001050234-02-000002.txt,7482,1157,1871,51,1,17,False
contractnli,test,498,1173495_0001047469-03-033872_a2118144zex-10_12.txt,sec-text,https://www.sec.gov/Archives/edgar/data/0001173495/000104746903033872/0001047469-03-033872.txt,10610,1597,2653,66,1,17,False
contractnli,test,521,802724_0001193125-15-331613_d96542dex99d5.htm,sec-html,https://www.sec.gov/Archives/edgar/data/0000802724/000119312515331613/d96542dex99d5.htm,40553,6254,10139,218,1,17,False
contractnli,test,523,814457_0000950137-04-009790_c89545exv99wxdyx6y.htm,sec-html,https://www.sec.gov/Archives/edgar/data/0000814457/000095013704009790/c89545exv99wxdyx6y.htm,16382,2580,4096,98,1,17,False
contractnli,test,526,850313_0000950149-07-000090_f28028toexv99wxdyx2y.htm,sec-html,https://www.sec.gov/Archives/edgar/data/0000850313/000095014907000090/f28028toexv99wxdyx2y.htm,12264,1903,3066,86,1,17,False
contractnli,test,537,912263_0001047469-12-006662_a2209873zex-99_d2.htm,sec-html,https://www.sec.gov/Archives/edgar/data/0000912263/000104746912006662/a2209873zex-99_d2.htm,23746,3644,5937,159,1,17,False
contractnli,test,539,912263_0001193125-12-285724_d371520dex99e4.htm,sec-html,https://www.sec.gov/Archives/edgar/data/0000912263/000119312512285724/d371520dex99e4.htm,23764,3643,5941,183,1,17,False
contractnli,test,540,1001113_0000950134-07-005231_f27921orexv99wxdyx3y.htm,sec-html,https://www.sec.gov/Archives/edgar/data/0001001113/000095013407005231/f27921orexv99wxdyx3y.htm,9226,1402,2307,57,1,17,False
contractnli,test,542,1010552_0000912057-01-520246_a2051644zex-99_20.htm,sec-html,https://www.sec.gov/Archives/edgar/data/0001010552/000091205701520246/a2051644zex-99_20.htm,18469,2870,4618,132,1,17,False
contractnli,test,543,1011344_0001193125-08-097987_dex99d5.htm,sec-html,https://www.sec.gov/Archives/edgar/data/0001011344/000119312508097987/dex99d5.htm,7275,1057,1819,59,1,17,False
contractnli,test,544,1012887_0001193125-07-165503_dex99d6.htm,sec-html,https://www.sec.gov/Archives/edgar/data/0001012887/000119312507165503/dex99d6.htm,11335,1743,2834,53,1,17,False
contractnli,test,546,1020416_0001193125-16-701566_d250247dex99d2.htm,sec-html,https://www.sec.gov/Archives/edgar/data/0001020416/000119312516701566/d250247dex99d2.htm,33477,5250,8370,162,1,17,False
contractnli,test,549,1041550_0001193125-19-004977_d663808dex106.htm,sec-html,https://www.sec.gov/Archives/edgar/data/0001041550/000119312519004977/d663808dex106.htm,29311,4370,7328,149,1,17,False
contractnli,test,552,1049210_0001047469-13-009461_a2216846zex-99_d3.htm,sec-html,https://www.sec.gov/Archives/edgar/data/0001049210/000104746913009461/a2216846zex-99_d3.htm,15555,2357,3889,75,1,17,False
contractnli,test,555,1062478_0001193125-14-442753_d838170dex3.htm,sec-html,https://www.sec.gov/Archives/edgar/data/0001062478/000119312514442753/d838170dex3.htm,13398,2060,3350,80,1,17,False
contractnli,test,558,1084817_0001193125-14-004957_d648340dex99e2.htm,sec-html,https://www.sec.gov/Archives/edgar/data/0001084817/000119312514004957/d648340dex99e2.htm,9801,1495,2451,69,1,17,False
contractnli,test,564,1096147_0001193125-08-206038_dex4.htm,sec-html,https://www.sec.gov/Archives/edgar/data/0001096147/000119312508206038/dex4.htm,19912,3073,4978,106,1,17,False
contractnli,test,565,1109551_0000912057-02-024714_a2082535zex-99_d3.htm,sec-html,https://www.sec.gov/Archives/edgar/data/0001109551/000091205702024714/a2082535zex-99_d3.htm,20046,3091,5012,141,1,17,False
contractnli,test,584,915191_0001047469-17-003155_a2231967zex-99_8.htm,sec-html,https://www.sec.gov/Archives/edgar/data/0000915191/000104746917003155/a2231967zex-99_8.htm,16170,2509,4043,73,1,17,False
contractnli,test,585,916457_0000916457-14-000028_exhibit104-confidentiality.htm,sec-html,https://www.sec.gov/Archives/edgar/data/0000916457/000091645714000028/exhibit104-confidentiality.htm,10210,1526,2553,62,1,17,False
contractnli,test,591,1316898_0001047469-18-005618_a2236490zex-99_d2.htm,sec-html,https://www.sec.gov/Archives/edgar/data/0001316898/000104746918005618/a2236490zex-99_d2.htm,26189,4030,6548,122,1,17,False
contractnli,test,596,1335239_0001019687-14-003760_epazz_ex1034.htm,sec-html,https://www.sec.gov/Archives/edgar/data/0001335239/000101968714003760/epazz_ex1034.htm,13804,2157,3451,121,1,17,False
contractnli,test,600,1367408_0001367408-06-000002_risb2ex106.htm,sec-html,https://www.sec.gov/Archives/edgar/data/0001367408/000136740806000002/risb2ex106.htm,5047,776,1262,44,1,17,False
contractnli,test,606,1402305_0001193125-11-343865_d268167dex99d2.htm,sec-html,https://www.sec.gov/Archives/edgar/data/0001402305/000119312511343865/d268167dex99d2.htm,23026,3554,5757,102,1,17,False
contractnli,test,611,1457829_0000898822-13-000086_exhibit-ndaexecutionversion.htm,sec-html,https://www.sec.gov/Archives/edgar/data/0001457829/000089882213000086/exhibit-ndaexecutionversion.htm,22376,3415,5594,146,1,17,False
