dataset,file_name,file_stem,path,chars,words,approx_tokens,lines,empty
cuad,2ThemartComInc_19990826_10-12G_EX-10.10_6700288_EX-10.10_Co-Branding Agreement_ Agency Agreement.txt,2ThemartComInc_19990826_10-12G_EX-10.10_6700288_EX-10.10_Co-Branding Agreement_ Agency Agreement,/data/source/personal/awesome-ai-engineer/project/data/raw/cuad/CUAD_v1/CUAD_v1/full_contract_txt/2ThemartComInc_19990826_10-12G_EX-10.10_6700288_EX-10.10_Co-Branding Agreement_ Agency Agreement.txt,28862,4466,7216,195,False
cuad,ABILITYINC_06_15_2020-EX-4.25-SERVICES AGREEMENT.txt,ABILITYINC_06_15_2020-EX-4.25-SERVICES AGREEMENT,/data/source/personal/awesome-ai-engineer/project/data/raw/cuad/CUAD_v1/CUAD_v1/full_contract_txt/ABILITYINC_06_15_2020-EX-4.25-SERVICES AGREEMENT.txt,26306,4078,6577,39,False
cuad,ACCELERATEDTECHNOLOGIESHOLDINGCORP_04_24_2003-EX-10.13-JOINT VENTURE AGREEMENT.txt,ACCELERATEDTECHNOLOGIESHOLDINGCORP_04_24_2003-EX-10.13-JOINT VENTURE AGREEMENT,/data/source/personal/awesome-ai-engineer/project/data/raw/cuad/CUAD_v1/CUAD_v1/full_contract_txt/ACCELERATEDTECHNOLOGIESHOLDINGCORP_04_24_2003-EX-10.13-JOINT VENTURE AGREEMENT.txt,11969,1909,2993,79,False
cuad,ACCURAYINC_09_01_2010-EX-10.31-DISTRIBUTOR AGREEMENT.txt,ACCURAYINC_09_01_2010-EX-10.31-DISTRIBUTOR AGREEMENT,/data/source/personal/awesome-ai-engineer/project/data/raw/cuad/CUAD_v1/CUAD_v1/full_contract_txt/ACCURAYINC_09_01_2010-EX-10.31-DISTRIBUTOR AGREEMENT.txt,86849,13194,21713,125,False
cuad,ADAMSGOLFINC_03_21_2005-EX-10.17-ENDORSEMENT AGREEMENT.txt,ADAMSGOLFINC_03_21_2005-EX-10.17-ENDORSEMENT AGREEMENT,/data/source/personal/awesome-ai-engineer/project/data/raw/cuad/CUAD_v1/CUAD_v1/full_contract_txt/ADAMSGOLFINC_03_21_2005-EX-10.17-ENDORSEMENT AGREEMENT.txt,24353,3684,6089,255,False
cuad,ADAPTIMMUNETHERAPEUTICSPLC_04_06_2017-EX-10.11-STRATEGIC ALLIANCE AGREEMENT.txt,ADAPTIMMUNETHERAPEUTICSPLC_04_06_2017-EX-10.11-STRATEGIC ALLIANCE AGREEMENT,/data/source/personal/awesome-ai-engineer/project/data/raw/cuad/CUAD_v1/CUAD_v1/full_contract_txt/ADAPTIMMUNETHERAPEUTICSPLC_04_06_2017-EX-10.11-STRATEGIC ALLIANCE AGREEMENT.txt,98147,15015,24537,349,False
cuad,"ADIANUTRITION,INC_04_01_2005-EX-10.D2-RESELLER AGREEMENT.txt","ADIANUTRITION,INC_04_01_2005-EX-10.D2-RESELLER AGREEMENT","/data/source/personal/awesome-ai-engineer/project/data/raw/cuad/CUAD_v1/CUAD_v1/full_contract_txt/ADIANUTRITION,INC_04_01_2005-EX-10.D2-RESELLER AGREEMENT.txt",25797,4040,6450,129,False
cuad,"ADMA BioManufacturing, LLC -  Amendment #3 to Manufacturing Agreement .txt","ADMA BioManufacturing, LLC -  Amendment #3 to Manufacturing Agreement ","/data/source/personal/awesome-ai-engineer/project/data/raw/cuad/CUAD_v1/CUAD_v1/full_contract_txt/ADMA BioManufacturing, LLC -  Amendment #3 to Manufacturing Agreement .txt",15292,2442,3823,23,False
cuad,"ADUROBIOTECH,INC_06_02_2020-EX-10.7-CONSULTING AGREEMENT(1).txt","ADUROBIOTECH,INC_06_02_2020-EX-10.7-CONSULTING AGREEMENT(1)","/data/source/personal/awesome-ai-engineer/project/data/raw/cuad/CUAD_v1/CUAD_v1/full_contract_txt/ADUROBIOTECH,INC_06_02_2020-EX-10.7-CONSULTING AGREEMENT(1).txt",12008,1850,3002,51,False
cuad,"ADUROBIOTECH,INC_06_02_2020-EX-10.7-CONSULTING AGREEMENT.txt","ADUROBIOTECH,INC_06_02_2020-EX-10.7-CONSULTING AGREEMENT","/data/source/personal/awesome-ai-engineer/project/data/raw/cuad/CUAD_v1/CUAD_v1/full_contract_txt/ADUROBIOTECH,INC_06_02_2020-EX-10.7-CONSULTING AGREEMENT.txt",12008,1850,3002,51,False
cuad,AFSALABANCORPINC_08_01_1996-EX-1.1-AGENCY AGREEMENT.txt,AFSALABANCORPINC_08_01_1996-EX-1.1-AGENCY AGREEMENT,/data/source/personal/awesome-ai-engineer/project/data/raw/cuad/CUAD_v1/CUAD_v1/full_contract_txt/AFSALABANCORPINC_08_01_1996-EX-1.1-AGENCY AGREEMENT.txt,112643,17802,28161,431,False
cuad,AIRSPANNETWORKSINC_04_11_2000-EX-10.5-Distributor Agreement.txt,AIRSPANNETWORKSINC_04_11_2000-EX-10.5-Distributor Agreement,/data/source/personal/awesome-ai-engineer/project/data/raw/cuad/CUAD_v1/CUAD_v1/full_contract_txt/AIRSPANNETWORKSINC_04_11_2000-EX-10.5-Distributor Agreement.txt,68878,10234,17220,491,False
cuad,AIRTECHINTERNATIONALGROUPINC_05_08_2000-EX-10.4-FRANCHISE AGREEMENT.txt,AIRTECHINTERNATIONALGROUPINC_05_08_2000-EX-10.4-FRANCHISE AGREEMENT,/data/source/personal/awesome-ai-engineer/project/data/raw/cuad/CUAD_v1/CUAD_v1/full_contract_txt/AIRTECHINTERNATIONALGROUPINC_05_08_2000-EX-10.4-FRANCHISE AGREEMENT.txt,72668,11321,18167,641,False
cuad,ALAMOGORDOFINANCIALCORP_12_16_1999-EX-1-AGENCY AGREEMENT.txt,ALAMOGORDOFINANCIALCORP_12_16_1999-EX-1-AGENCY AGREEMENT,/data/source/personal/awesome-ai-engineer/project/data/raw/cuad/CUAD_v1/CUAD_v1/full_contract_txt/ALAMOGORDOFINANCIALCORP_12_16_1999-EX-1-AGENCY AGREEMENT.txt,114305,18785,28577,495,False
cuad,ALCOSTORESINC_12_14_2005-EX-10.26-AGENCY AGREEMENT.txt,ALCOSTORESINC_12_14_2005-EX-10.26-AGENCY AGREEMENT,/data/source/personal/awesome-ai-engineer/project/data/raw/cuad/CUAD_v1/CUAD_v1/full_contract_txt/ALCOSTORESINC_12_14_2005-EX-10.26-AGENCY AGREEMENT.txt,11330,1804,2833,77,False
cuad,ALLIANCEBANCORPINCOFPENNSYLVANIA_10_18_2006-EX-1.2-AGENCY AGREEMENT.txt,ALLIANCEBANCORPINCOFPENNSYLVANIA_10_18_2006-EX-1.2-AGENCY AGREEMENT,/data/source/personal/awesome-ai-engineer/project/data/raw/cuad/CUAD_v1/CUAD_v1/full_contract_txt/ALLIANCEBANCORPINCOFPENNSYLVANIA_10_18_2006-EX-1.2-AGENCY AGREEMENT.txt,130004,20932,32501,559,False
cuad,ALLISONTRANSMISSIONHOLDINGSINC_12_15_2014-EX-99.1-COOPERATION AGREEMENT.txt,ALLISONTRANSMISSIONHOLDINGSINC_12_15_2014-EX-99.1-COOPERATION AGREEMENT,/data/source/personal/awesome-ai-engineer/project/data/raw/cuad/CUAD_v1/CUAD_v1/full_contract_txt/ALLISONTRANSMISSIONHOLDINGSINC_12_15_2014-EX-99.1-COOPERATION AGREEMENT.txt,32707,5201,8177,147,False
cuad,AMBASSADOREYEWEARGROUPINC_11_17_1997-EX-10.28-ENDORSEMENT AGREEMENT.txt,AMBASSADOREYEWEARGROUPINC_11_17_1997-EX-10.28-ENDORSEMENT AGREEMENT,/data/source/personal/awesome-ai-engineer/project/data/raw/cuad/CUAD_v1/CUAD_v1/full_contract_txt/AMBASSADOREYEWEARGROUPINC_11_17_1997-EX-10.28-ENDORSEMENT AGREEMENT.txt,35554,5747,8889,241,False
cuad,AMERICANPHYSICIANSCAPITALINC_03_31_2003-EX-10.26-AGENCY AGREEMENT.txt,AMERICANPHYSICIANSCAPITALINC_03_31_2003-EX-10.26-AGENCY AGREEMENT,/data/source/personal/awesome-ai-engineer/project/data/raw/cuad/CUAD_v1/CUAD_v1/full_contract_txt/AMERICANPHYSICIANSCAPITALINC_03_31_2003-EX-10.26-AGENCY AGREEMENT.txt,18524,2880,4631,221,False
cuad,AMERICASSHOPPINGMALLINC_12_10_1999-EX-10.2-SITE DEVELOPMENT AND HOSTING AGREEMENT.txt,AMERICASSHOPPINGMALLINC_12_10_1999-EX-10.2-SITE DEVELOPMENT AND HOSTING AGREEMENT,/data/source/personal/awesome-ai-engineer/project/data/raw/cuad/CUAD_v1/CUAD_v1/full_contract_txt/AMERICASSHOPPINGMALLINC_12_10_1999-EX-10.2-SITE DEVELOPMENT AND HOSTING AGREEMENT.txt,17944,2890,4486,167,False
cuad,ANIXABIOSCIENCESINC_06_09_2020-EX-10.1-COLLABORATION AGREEMENT.txt,ANIXABIOSCIENCESINC_06_09_2020-EX-10.1-COLLABORATION AGREEMENT,/data/source/personal/awesome-ai-engineer/project/data/raw/cuad/CUAD_v1/CUAD_v1/full_contract_txt/ANIXABIOSCIENCESINC_06_09_2020-EX-10.1-COLLABORATION AGREEMENT.txt,40463,6176,10116,197,False
cuad,"ARMSTRONGFLOORING,INC_01_07_2019-EX-10.2-INTELLECTUAL PROPERTY AGREEMENT.txt","ARMSTRONGFLOORING,INC_01_07_2019-EX-10.2-INTELLECTUAL PROPERTY AGREEMENT","/data/source/personal/awesome-ai-engineer/project/data/raw/cuad/CUAD_v1/CUAD_v1/full_contract_txt/ARMSTRONGFLOORING,INC_01_07_2019-EX-10.2-INTELLECTUAL PROPERTY AGREEMENT.txt",69562,10332,17391,371,False
cuad,"ASHWORTHINC_01_29_1999-EX-10.(D)-PROMOTION AGREEMENT AND NANTZ COMMUNICATIONS, INC..txt","ASHWORTHINC_01_29_1999-EX-10.(D)-PROMOTION AGREEMENT AND NANTZ COMMUNICATIONS, INC.","/data/source/personal/awesome-ai-engineer/project/data/raw/cuad/CUAD_v1/CUAD_v1/full_contract_txt/ASHWORTHINC_01_29_1999-EX-10.(D)-PROMOTION AGREEMENT AND NANTZ COMMUNICATIONS, INC..txt",23236,3565,5809,183,False
cuad,ASIANDRAGONGROUPINC_08_11_2005-EX-10.5-Reseller Agreement.txt,ASIANDRAGONGROUPINC_08_11_2005-EX-10.5-Reseller Agreement,/data/source/personal/awesome-ai-engineer/project/data/raw/cuad/CUAD_v1/CUAD_v1/full_contract_txt/ASIANDRAGONGROUPINC_08_11_2005-EX-10.5-Reseller Agreement.txt,44900,7007,11225,229,False
cuad,ASPIRITYHOLDINGSLLC_05_07_2012-EX-10.6-OUTSOURCING AGREEMENT.txt,ASPIRITYHOLDINGSLLC_05_07_2012-EX-10.6-OUTSOURCING AGREEMENT,/data/source/personal/awesome-ai-engineer/project/data/raw/cuad/CUAD_v1/CUAD_v1/full_contract_txt/ASPIRITYHOLDINGSLLC_05_07_2012-EX-10.6-OUTSOURCING AGREEMENT.txt,64992,10075,16248,89,False
cuad,ATENTOSA_07_06_2020-EX-99.1-JOINT FILING AGREEMENT.txt,ATENTOSA_07_06_2020-EX-99.1-JOINT FILING AGREEMENT,/data/source/personal/awesome-ai-engineer/project/data/raw/cuad/CUAD_v1/CUAD_v1/full_contract_txt/ATENTOSA_07_06_2020-EX-99.1-JOINT FILING AGREEMENT.txt,2290,356,573,21,False
cuad,"ATHENSBANCSHARESCORP_11_02_2009-EX-1.2-AGENCY AGREEMENT , 2009.txt","ATHENSBANCSHARESCORP_11_02_2009-EX-1.2-AGENCY AGREEMENT , 2009","/data/source/personal/awesome-ai-engineer/project/data/raw/cuad/CUAD_v1/CUAD_v1/full_contract_txt/ATHENSBANCSHARESCORP_11_02_2009-EX-1.2-AGENCY AGREEMENT , 2009.txt",144129,23395,36033,485,False
cuad,ATMOSENERGYCORP_11_22_2002-EX-10.17-TRANSPORTATION SERVICE AGREEMENT.txt,ATMOSENERGYCORP_11_22_2002-EX-10.17-TRANSPORTATION SERVICE AGREEMENT,/data/source/personal/awesome-ai-engineer/project/data/raw/cuad/CUAD_v1/CUAD_v1/full_contract_txt/ATMOSENERGYCORP_11_22_2002-EX-10.17-TRANSPORTATION SERVICE AGREEMENT.txt,17618,2542,4405,271,False
cuad,AULAMERICANUNITTRUST_04_24_2020-EX-99.8.77-SERVICING AGREEMENT.txt,AULAMERICANUNITTRUST_04_24_2020-EX-99.8.77-SERVICING AGREEMENT,/data/source/personal/awesome-ai-engineer/project/data/raw/cuad/CUAD_v1/CUAD_v1/full_contract_txt/AULAMERICANUNITTRUST_04_24_2020-EX-99.8.77-SERVICING AGREEMENT.txt,35971,5606,8993,25,False
cuad,AURASYSTEMSINC_06_16_2010-EX-10.25-STRATEGIC ALLIANCE AGREEMENT.txt,AURASYSTEMSINC_06_16_2010-EX-10.25-STRATEGIC ALLIANCE AGREEMENT,/data/source/personal/awesome-ai-engineer/project/data/raw/cuad/CUAD_v1/CUAD_v1/full_contract_txt/AURASYSTEMSINC_06_16_2010-EX-10.25-STRATEGIC ALLIANCE AGREEMENT.txt,44275,6936,11069,93,False
cuad,AgapeAtpCorp_20191202_10-KA_EX-10.1_11911128_EX-10.1_Supply Agreement.txt,AgapeAtpCorp_20191202_10-KA_EX-10.1_11911128_EX-10.1_Supply Agreement,/data/source/personal/awesome-ai-engineer/project/data/raw/cuad/CUAD_v1/CUAD_v1/full_contract_txt/AgapeAtpCorp_20191202_10-KA_EX-10.1_11911128_EX-10.1_Supply Agreement.txt,20644,3268,5161,51,False
cuad,AimmuneTherapeuticsInc_20200205_8-K_EX-10.3_11967170_EX-10.3_Development Agreement.txt,AimmuneTherapeuticsInc_20200205_8-K_EX-10.3_11967170_EX-10.3_Development Agreement,/data/source/personal/awesome-ai-engineer/project/data/raw/cuad/CUAD_v1/CUAD_v1/full_contract_txt/AimmuneTherapeuticsInc_20200205_8-K_EX-10.3_11967170_EX-10.3_Development Agreement.txt,167719,24972,41930,975,False
cuad,AlliedEsportsEntertainmentInc_20190815_8-K_EX-10.19_11788293_EX-10.19_Content License Agreement.txt,AlliedEsportsEntertainmentInc_20190815_8-K_EX-10.19_11788293_EX-10.19_Content License Agreement,/data/source/personal/awesome-ai-engineer/project/data/raw/cuad/CUAD_v1/CUAD_v1/full_contract_txt/AlliedEsportsEntertainmentInc_20190815_8-K_EX-10.19_11788293_EX-10.19_Content License Agreement.txt,35468,5463,8867,61,False
cuad,AlliedEsportsEntertainmentInc_20190815_8-K_EX-10.34_11788308_EX-10.34_Sponsorship Agreement.txt,AlliedEsportsEntertainmentInc_20190815_8-K_EX-10.34_11788308_EX-10.34_Sponsorship Agreement,/data/source/personal/awesome-ai-engineer/project/data/raw/cuad/CUAD_v1/CUAD_v1/full_contract_txt/AlliedEsportsEntertainmentInc_20190815_8-K_EX-10.34_11788308_EX-10.34_Sponsorship Agreement.txt,37760,5847,9440,61,False
cuad,"Antares Pharma, Inc. - Manufacturing Agreement.txt","Antares Pharma, Inc. - Manufacturing Agreement","/data/source/personal/awesome-ai-engineer/project/data/raw/cuad/CUAD_v1/CUAD_v1/full_contract_txt/Antares Pharma, Inc. - Manufacturing Agreement.txt",106583,16010,26646,875,False
cuad,Apollo Endosurgery - Manufacturing and Supply Agreement.txt,Apollo Endosurgery - Manufacturing and Supply Agreement,/data/source/personal/awesome-ai-engineer/project/data/raw/cuad/CUAD_v1/CUAD_v1/full_contract_txt/Apollo Endosurgery - Manufacturing and Supply Agreement.txt,48173,7073,12044,385,False
cuad,ArcGroupInc_20171211_8-K_EX-10.1_10976103_EX-10.1_Sponsorship Agreement.txt,ArcGroupInc_20171211_8-K_EX-10.1_10976103_EX-10.1_Sponsorship Agreement,/data/source/personal/awesome-ai-engineer/project/data/raw/cuad/CUAD_v1/CUAD_v1/full_contract_txt/ArcGroupInc_20171211_8-K_EX-10.1_10976103_EX-10.1_Sponsorship Agreement.txt,16595,2612,4149,21,False
cuad,ArcaUsTreasuryFund_20200207_N-2_EX-99.K5_11971930_EX-99.K5_Development Agreement.txt,ArcaUsTreasuryFund_20200207_N-2_EX-99.K5_11971930_EX-99.K5_Development Agreement,/data/source/personal/awesome-ai-engineer/project/data/raw/cuad/CUAD_v1/CUAD_v1/full_contract_txt/ArcaUsTreasuryFund_20200207_N-2_EX-99.K5_11971930_EX-99.K5_Development Agreement.txt,15302,2316,3826,27,False
cuad,ArconicRolledProductsCorp_20191217_10-12B_EX-2.7_11923804_EX-2.7_Trademark License Agreement.txt,ArconicRolledProductsCorp_20191217_10-12B_EX-2.7_11923804_EX-2.7_Trademark License Agreement,/data/source/personal/awesome-ai-engineer/project/data/raw/cuad/CUAD_v1/CUAD_v1/full_contract_txt/ArconicRolledProductsCorp_20191217_10-12B_EX-2.7_11923804_EX-2.7_Trademark License Agreement.txt,18049,2820,4513,35,False
cuad,ArmstrongFlooringInc_20190107_8-K_EX-10.2_11471795_EX-10.2_Intellectual Property Agreement.txt,ArmstrongFlooringInc_20190107_8-K_EX-10.2_11471795_EX-10.2_Intellectual Property Agreement,/data/source/personal/awesome-ai-engineer/project/data/raw/cuad/CUAD_v1/CUAD_v1/full_contract_txt/ArmstrongFlooringInc_20190107_8-K_EX-10.2_11471795_EX-10.2_Intellectual Property Agreement.txt,56701,8269,14176,341,False
cuad,"Array BioPharma Inc. - LICENSE, DEVELOPMENT AND COMMERCIALIZATION AGREEMENT.txt","Array BioPharma Inc. - LICENSE, DEVELOPMENT AND COMMERCIALIZATION AGREEMENT","/data/source/personal/awesome-ai-engineer/project/data/raw/cuad/CUAD_v1/CUAD_v1/full_contract_txt/Array BioPharma Inc. - LICENSE, DEVELOPMENT AND COMMERCIALIZATION AGREEMENT.txt",271308,41959,67827,1565,False
cuad,ArtaraTherapeuticsInc_20200110_8-K_EX-10.5_11943350_EX-10.5_License Agreement.txt,ArtaraTherapeuticsInc_20200110_8-K_EX-10.5_11943350_EX-10.5_License Agreement,/data/source/personal/awesome-ai-engineer/project/data/raw/cuad/CUAD_v1/CUAD_v1/full_contract_txt/ArtaraTherapeuticsInc_20200110_8-K_EX-10.5_11943350_EX-10.5_License Agreement.txt,38272,5781,9568,111,False
cuad,AtnInternationalInc_20191108_10-Q_EX-10.1_11878541_EX-10.1_Maintenance Agreement.txt,AtnInternationalInc_20191108_10-Q_EX-10.1_11878541_EX-10.1_Maintenance Agreement,/data/source/personal/awesome-ai-engineer/project/data/raw/cuad/CUAD_v1/CUAD_v1/full_contract_txt/AtnInternationalInc_20191108_10-Q_EX-10.1_11878541_EX-10.1_Maintenance Agreement.txt,228661,34941,57166,1227,False
cuad,AudibleInc_20001113_10-Q_EX-10.32_2599586_EX-10.32_Co-Branding Agreement_ Marketing Agreement_ Investment Distribution Agreement.txt,AudibleInc_20001113_10-Q_EX-10.32_2599586_EX-10.32_Co-Branding Agreement_ Marketing Agreement_ Investment Distribution Agreement,/data/source/personal/awesome-ai-engineer/project/data/raw/cuad/CUAD_v1/CUAD_v1/full_contract_txt/AudibleInc_20001113_10-Q_EX-10.32_2599586_EX-10.32_Co-Branding Agreement_ Marketing Agreement_ Investment Distribution Agreement.txt,74065,11116,18517,451,False
cuad,AzulSa_20170303_F-1A_EX-10.3_9943903_EX-10.3_Maintenance Agreement1.txt,AzulSa_20170303_F-1A_EX-10.3_9943903_EX-10.3_Maintenance Agreement1,/data/source/personal/awesome-ai-engineer/project/data/raw/cuad/CUAD_v1/CUAD_v1/full_contract_txt/AzulSa_20170303_F-1A_EX-10.3_9943903_EX-10.3_Maintenance Agreement1.txt,225946,32014,56487,1633,False
cuad,AzulSa_20170303_F-1A_EX-10.3_9943903_EX-10.3_Maintenance Agreement2.txt,AzulSa_20170303_F-1A_EX-10.3_9943903_EX-10.3_Maintenance Agreement2,/data/source/personal/awesome-ai-engineer/project/data/raw/cuad/CUAD_v1/CUAD_v1/full_contract_txt/AzulSa_20170303_F-1A_EX-10.3_9943903_EX-10.3_Maintenance Agreement2.txt,16577,2504,4145,203,False
cuad,"BABCOCK_WILCOXENTERPRISES,INC_08_04_2015-EX-10.17-INTELLECTUAL PROPERTY AGREEMENT between THE BABCOCK _ WILCOX COMPANY and BABCOCK _ WILCOX ENTERPRISES, INC..txt","BABCOCK_WILCOXENTERPRISES,INC_08_04_2015-EX-10.17-INTELLECTUAL PROPERTY AGREEMENT between THE BABCOCK _ WILCOX COMPANY and BABCOCK _ WILCOX ENTERPRISES, INC.","/data/source/personal/awesome-ai-engineer/project/data/raw/cuad/CUAD_v1/CUAD_v1/full_contract_txt/BABCOCK_WILCOXENTERPRISES,INC_08_04_2015-EX-10.17-INTELLECTUAL PROPERTY AGREEMENT between THE BABCOCK _ WILCOX COMPANY and BABCOCK _ WILCOX ENTERPRISES, INC..txt",111784,16546,27946,605,False
cuad,BANGIINC_05_25_2005-EX-10-Premium Managed Hosting Agreement.txt,BANGIINC_05_25_2005-EX-10-Premium Managed Hosting Agreement,/data/source/personal/awesome-ai-engineer/project/data/raw/cuad/CUAD_v1/CUAD_v1/full_contract_txt/BANGIINC_05_25_2005-EX-10-Premium Managed Hosting Agreement.txt,1973,291,494,65,False
cuad,BANUESTRAFINANCIALCORP_09_08_2006-EX-10.16-AGENCY AGREEMENT.txt,BANUESTRAFINANCIALCORP_09_08_2006-EX-10.16-AGENCY AGREEMENT,/data/source/personal/awesome-ai-engineer/project/data/raw/cuad/CUAD_v1/CUAD_v1/full_contract_txt/BANUESTRAFINANCIALCORP_09_08_2006-EX-10.16-AGENCY AGREEMENT.txt,45083,7304,11271,227,False
cuad,"BELLICUMPHARMACEUTICALS,INC_05_07_2019-EX-10.1-Supply Agreement.txt","BELLICUMPHARMACEUTICALS,INC_05_07_2019-EX-10.1-Supply Agreement","/data/source/personal/awesome-ai-engineer/project/data/raw/cuad/CUAD_v1/CUAD_v1/full_contract_txt/BELLICUMPHARMACEUTICALS,INC_05_07_2019-EX-10.1-Supply Agreement.txt",188451,28157,47113,993,False
cuad,"BELLRINGBRANDS,INC_02_07_2020-EX-10.18-MASTER SUPPLY AGREEMENT.txt","BELLRINGBRANDS,INC_02_07_2020-EX-10.18-MASTER SUPPLY AGREEMENT","/data/source/personal/awesome-ai-engineer/project/data/raw/cuad/CUAD_v1/CUAD_v1/full_contract_txt/BELLRINGBRANDS,INC_02_07_2020-EX-10.18-MASTER SUPPLY AGREEMENT.txt",37828,5783,9457,207,False
cuad,"BERKELEYLIGHTS,INC_06_26_2020-EX-10.12-COLLABORATION AGREEMENT.txt","BERKELEYLIGHTS,INC_06_26_2020-EX-10.12-COLLABORATION AGREEMENT","/data/source/personal/awesome-ai-engineer/project/data/raw/cuad/CUAD_v1/CUAD_v1/full_contract_txt/BERKELEYLIGHTS,INC_06_26_2020-EX-10.12-COLLABORATION AGREEMENT.txt",208731,31674,52183,1095,False
cuad,BEYONDCOMCORP_08_03_2000-EX-10.2-CO-HOSTING AGREEMENT.txt,BEYONDCOMCORP_08_03_2000-EX-10.2-CO-HOSTING AGREEMENT,/data/source/personal/awesome-ai-engineer/project/data/raw/cuad/CUAD_v1/CUAD_v1/full_contract_txt/BEYONDCOMCORP_08_03_2000-EX-10.2-CO-HOSTING AGREEMENT.txt,50374,7983,12594,333,False
cuad,BICYCLETHERAPEUTICSPLC_03_10_2020-EX-10.11-SERVICE AGREEMENT.txt,BICYCLETHERAPEUTICSPLC_03_10_2020-EX-10.11-SERVICE AGREEMENT,/data/source/personal/awesome-ai-engineer/project/data/raw/cuad/CUAD_v1/CUAD_v1/full_contract_txt/BICYCLETHERAPEUTICSPLC_03_10_2020-EX-10.11-SERVICE AGREEMENT.txt,56955,9247,14239,473,False
cuad,BIOAMBERINC_04_10_2013-EX-10.34-DEVELOPMENT AGREEMENT (1).txt,BIOAMBERINC_04_10_2013-EX-10.34-DEVELOPMENT AGREEMENT (1),/data/source/personal/awesome-ai-engineer/project/data/raw/cuad/CUAD_v1/CUAD_v1/full_contract_txt/BIOAMBERINC_04_10_2013-EX-10.34-DEVELOPMENT AGREEMENT (1).txt,37879,5691,9470,251,False
cuad,BIOAMBERINC_04_10_2013-EX-10.34-DEVELOPMENT AGREEMENT - First Amendment.txt,BIOAMBERINC_04_10_2013-EX-10.34-DEVELOPMENT AGREEMENT - First Amendment,/data/source/personal/awesome-ai-engineer/project/data/raw/cuad/CUAD_v1/CUAD_v1/full_contract_txt/BIOAMBERINC_04_10_2013-EX-10.34-DEVELOPMENT AGREEMENT - First Amendment.txt,6289,932,1573,57,False
cuad,BIOCEPTINC_08_19_2013-EX-10-COLLABORATION AGREEMENT.txt,BIOCEPTINC_08_19_2013-EX-10-COLLABORATION AGREEMENT,/data/source/personal/awesome-ai-engineer/project/data/raw/cuad/CUAD_v1/CUAD_v1/full_contract_txt/BIOCEPTINC_08_19_2013-EX-10-COLLABORATION AGREEMENT.txt,78909,12123,19728,385,False
cuad,BIOFRONTERAAG_04_29_2019-EX-4.17-SUPPLY AGREEMENT.txt,BIOFRONTERAAG_04_29_2019-EX-4.17-SUPPLY AGREEMENT,/data/source/personal/awesome-ai-engineer/project/data/raw/cuad/CUAD_v1/CUAD_v1/full_contract_txt/BIOFRONTERAAG_04_29_2019-EX-4.17-SUPPLY AGREEMENT.txt,63631,9689,15908,47,False
cuad,BIOPURECORP_06_30_1999-EX-10.13-AGENCY AGREEMENT.txt,BIOPURECORP_06_30_1999-EX-10.13-AGENCY AGREEMENT,/data/source/personal/awesome-ai-engineer/project/data/raw/cuad/CUAD_v1/CUAD_v1/full_contract_txt/BIOPURECORP_06_30_1999-EX-10.13-AGENCY AGREEMENT.txt,36953,5731,9239,295,False
cuad,BLACKBOXSTOCKSINC_08_05_2014-EX-10.1-DISTRIBUTOR AGREEMENT.txt,BLACKBOXSTOCKSINC_08_05_2014-EX-10.1-DISTRIBUTOR AGREEMENT,/data/source/personal/awesome-ai-engineer/project/data/raw/cuad/CUAD_v1/CUAD_v1/full_contract_txt/BLACKBOXSTOCKSINC_08_05_2014-EX-10.1-DISTRIBUTOR AGREEMENT.txt,17076,2698,4269,113,False
cuad,BLACKROCKMUNIHOLDINGSINVESTMENTQUALITYFUND_04_07_2020-EX-99.01-JOINT FILING AGREEMENT.txt,BLACKROCKMUNIHOLDINGSINVESTMENTQUALITYFUND_04_07_2020-EX-99.01-JOINT FILING AGREEMENT,/data/source/personal/awesome-ai-engineer/project/data/raw/cuad/CUAD_v1/CUAD_v1/full_contract_txt/BLACKROCKMUNIHOLDINGSINVESTMENTQUALITYFUND_04_07_2020-EX-99.01-JOINT FILING AGREEMENT.txt,1283,201,321,13,False
cuad,BLACKSTONEGSOLONG-SHORTCREDITINCOMEFUND_05_11_2020-EX-99.(K)(1)-SERVICE AGREEMENT.txt,BLACKSTONEGSOLONG-SHORTCREDITINCOMEFUND_05_11_2020-EX-99.(K)(1)-SERVICE AGREEMENT,/data/source/personal/awesome-ai-engineer/project/data/raw/cuad/CUAD_v1/CUAD_v1/full_contract_txt/BLACKSTONEGSOLONG-SHORTCREDITINCOMEFUND_05_11_2020-EX-99.(K)(1)-SERVICE AGREEMENT.txt,52238,7968,13060,281,False
cuad,BLUEFLYINC_03_27_2002-EX-10.27-e-business Hosting Agreement.txt,BLUEFLYINC_03_27_2002-EX-10.27-e-business Hosting Agreement,/data/source/personal/awesome-ai-engineer/project/data/raw/cuad/CUAD_v1/CUAD_v1/full_contract_txt/BLUEFLYINC_03_27_2002-EX-10.27-e-business Hosting Agreement.txt,35018,5116,8755,441,False
cuad,"BLUEHILLSBANCORP,INC_05_20_2014-EX-1.1-AGENCY AGREEMENT.txt","BLUEHILLSBANCORP,INC_05_20_2014-EX-1.1-AGENCY AGREEMENT","/data/source/personal/awesome-ai-engineer/project/data/raw/cuad/CUAD_v1/CUAD_v1/full_contract_txt/BLUEHILLSBANCORP,INC_05_20_2014-EX-1.1-AGENCY AGREEMENT.txt",130596,21031,32649,429,False
cuad,"BLUEROCKRESIDENTIALGROWTHREIT,INC_06_01_2016-EX-1.1-AGENCY AGREEMENT.txt","BLUEROCKRESIDENTIALGROWTHREIT,INC_06_01_2016-EX-1.1-AGENCY AGREEMENT","/data/source/personal/awesome-ai-engineer/project/data/raw/cuad/CUAD_v1/CUAD_v1/full_contract_txt/BLUEROCKRESIDENTIALGROWTHREIT,INC_06_01_2016-EX-1.1-AGENCY AGREEMENT.txt",133282,20895,33321,183,False
cuad,BNCMORTGAGEINC_05_17_1999-EX-10.4-LICENSING AND WEB SITE HOSTING AGREEMENT.txt,BNCMORTGAGEINC_05_17_1999-EX-10.4-LICENSING AND WEB SITE HOSTING AGREEMENT,/data/source/personal/awesome-ai-engineer/project/data/raw/cuad/CUAD_v1/CUAD_v1/full_contract_txt/BNCMORTGAGEINC_05_17_1999-EX-10.4-LICENSING AND WEB SITE HOSTING AGREEMENT.txt,30666,4734,7667,217,False
cuad,BNLFINANCIALCORP_03_30_2007-EX-10.8-OUTSOURCING AGREEMENT.txt,BNLFINANCIALCORP_03_30_2007-EX-10.8-OUTSOURCING AGREEMENT,/data/source/personal/awesome-ai-engineer/project/data/raw/cuad/CUAD_v1/CUAD_v1/full_contract_txt/BNLFINANCIALCORP_03_30_2007-EX-10.8-OUTSOURCING AGREEMENT.txt,39291,6432,9823,73,False
cuad,BOLIVARMININGCORP_05_23_2003-EX-2.1-VISP WEB SITE BUILDING AND HOSTING AGREEMENT.txt,BOLIVARMININGCORP_05_23_2003-EX-2.1-VISP WEB SITE BUILDING AND HOSTING AGREEMENT,/data/source/personal/awesome-ai-engineer/project/data/raw/cuad/CUAD_v1/CUAD_v1/full_contract_txt/BOLIVARMININGCORP_05_23_2003-EX-2.1-VISP WEB SITE BUILDING AND HOSTING AGREEMENT.txt,11265,1730,2817,87,False
cuad,BONTONSTORESINC_04_20_2018-EX-99.3-AGENCY AGREEMENT.txt,BONTONSTORESINC_04_20_2018-EX-99.3-AGENCY AGREEMENT,/data/source/personal/awesome-ai-engineer/project/data/raw/cuad/CUAD_v1/CUAD_v1/full_contract_txt/BONTONSTORESINC_04_20_2018-EX-99.3-AGENCY AGREEMENT.txt,161385,26625,40347,1027,False
cuad,"BORROWMONEYCOM,INC_06_11_2020-EX-10.1-JOINT VENTURE AGREEMENT.txt","BORROWMONEYCOM,INC_06_11_2020-EX-10.1-JOINT VENTURE AGREEMENT","/data/source/personal/awesome-ai-engineer/project/data/raw/cuad/CUAD_v1/CUAD_v1/full_contract_txt/BORROWMONEYCOM,INC_06_11_2020-EX-10.1-JOINT VENTURE AGREEMENT.txt",21398,3502,5350,49,False
cuad,BUFFALOWILDWINGSINC_06_05_1998-EX-10.3-FRANCHISE AGREEMENT.txt,BUFFALOWILDWINGSINC_06_05_1998-EX-10.3-FRANCHISE AGREEMENT,/data/source/personal/awesome-ai-engineer/project/data/raw/cuad/CUAD_v1/CUAD_v1/full_contract_txt/BUFFALOWILDWINGSINC_06_05_1998-EX-10.3-FRANCHISE AGREEMENT.txt,146375,22947,36594,899,False
cuad,BellringBrandsInc_20190920_S-1_EX-10.12_11817081_EX-10.12_Manufacturing Agreement1.txt,BellringBrandsInc_20190920_S-1_EX-10.12_11817081_EX-10.12_Manufacturing Agreement1,/data/source/personal/awesome-ai-engineer/project/data/raw/cuad/CUAD_v1/CUAD_v1/full_contract_txt/BellringBrandsInc_20190920_S-1_EX-10.12_11817081_EX-10.12_Manufacturing Agreement1.txt,42421,6468,10606,247,False
cuad,BellringBrandsInc_20190920_S-1_EX-10.12_11817081_EX-10.12_Manufacturing Agreement2.txt,BellringBrandsInc_20190920_S-1_EX-10.12_11817081_EX-10.12_Manufacturing Agreement2,/data/source/personal/awesome-ai-engineer/project/data/raw/cuad/CUAD_v1/CUAD_v1/full_contract_txt/BellringBrandsInc_20190920_S-1_EX-10.12_11817081_EX-10.12_Manufacturing Agreement2.txt,2274,340,569,21,False
cuad,BellringBrandsInc_20190920_S-1_EX-10.12_11817081_EX-10.12_Manufacturing Agreement3.txt,BellringBrandsInc_20190920_S-1_EX-10.12_11817081_EX-10.12_Manufacturing Agreement3,/data/source/personal/awesome-ai-engineer/project/data/raw/cuad/CUAD_v1/CUAD_v1/full_contract_txt/BellringBrandsInc_20190920_S-1_EX-10.12_11817081_EX-10.12_Manufacturing Agreement3.txt,8012,1212,2003,123,False
cuad,BellringBrandsInc_20190920_S-1_EX-10.12_11817081_EX-10.12_Manufacturing Agreement4.txt,BellringBrandsInc_20190920_S-1_EX-10.12_11817081_EX-10.12_Manufacturing Agreement4,/data/source/personal/awesome-ai-engineer/project/data/raw/cuad/CUAD_v1/CUAD_v1/full_contract_txt/BellringBrandsInc_20190920_S-1_EX-10.12_11817081_EX-10.12_Manufacturing Agreement4.txt,1742,257,436,25,False
cuad,BerkshireHillsBancorpInc_20120809_10-Q_EX-10.16_7708169_EX-10.16_Endorsement Agreement.txt,BerkshireHillsBancorpInc_20120809_10-Q_EX-10.16_7708169_EX-10.16_Endorsement Agreement,/data/source/personal/awesome-ai-engineer/project/data/raw/cuad/CUAD_v1/CUAD_v1/full_contract_txt/BerkshireHillsBancorpInc_20120809_10-Q_EX-10.16_7708169_EX-10.16_Endorsement Agreement.txt,28889,4461,7223,59,False
cuad,BizzingoInc_20120322_8-K_EX-10.17_7504499_EX-10.17_Endorsement Agreement.txt,BizzingoInc_20120322_8-K_EX-10.17_7504499_EX-10.17_Endorsement Agreement,/data/source/personal/awesome-ai-engineer/project/data/raw/cuad/CUAD_v1/CUAD_v1/full_contract_txt/BizzingoInc_20120322_8-K_EX-10.17_7504499_EX-10.17_Endorsement Agreement.txt,23800,3694,5950,85,False
cuad,BloomEnergyCorp_20180321_DRSA (on S-1)_EX-10_11240356_EX-10_Maintenance Agreement.txt,BloomEnergyCorp_20180321_DRSA (on S-1)_EX-10_11240356_EX-10_Maintenance Agreement,/data/source/personal/awesome-ai-engineer/project/data/raw/cuad/CUAD_v1/CUAD_v1/full_contract_txt/BloomEnergyCorp_20180321_DRSA (on S-1)_EX-10_11240356_EX-10_Maintenance Agreement.txt,104512,16016,26128,885,False
cuad,BravatekSolutionsInc_20170418_8-K_EX-10.1_10205739_EX-10.1_Reseller Agreement.txt,BravatekSolutionsInc_20170418_8-K_EX-10.1_10205739_EX-10.1_Reseller Agreement,/data/source/personal/awesome-ai-engineer/project/data/raw/cuad/CUAD_v1/CUAD_v1/full_contract_txt/BravatekSolutionsInc_20170418_8-K_EX-10.1_10205739_EX-10.1_Reseller Agreement.txt,15606,2375,3902,51,False
cuad,"CANOPETROLEUM,INC_12_13_2007-EX-10.1-Sponsorship Agreement.txt","CANOPETROLEUM,INC_12_13_2007-EX-10.1-Sponsorship Agreement","/data/source/personal/awesome-ai-engineer/project/data/raw/cuad/CUAD_v1/CUAD_v1/full_contract_txt/CANOPETROLEUM,INC_12_13_2007-EX-10.1-Sponsorship Agreement.txt",8753,1447,2189,73,False
cuad,"CARDAX,INC_08_19_2014-EX-10.1-COLLABORATION AGREEMENT.txt","CARDAX,INC_08_19_2014-EX-10.1-COLLABORATION AGREEMENT","/data/source/personal/awesome-ai-engineer/project/data/raw/cuad/CUAD_v1/CUAD_v1/full_contract_txt/CARDAX,INC_08_19_2014-EX-10.1-COLLABORATION AGREEMENT.txt",55902,8512,13976,61,False
cuad,CCAINDUSTRIESINC_04_14_2014-EX-10.1-OUTSOURCING AGREEMENT.txt,CCAINDUSTRIESINC_04_14_2014-EX-10.1-OUTSOURCING AGREEMENT,/data/source/personal/awesome-ai-engineer/project/data/raw/cuad/CUAD_v1/CUAD_v1/full_contract_txt/CCAINDUSTRIESINC_04_14_2014-EX-10.1-OUTSOURCING AGREEMENT.txt,31850,4855,7963,299,False
cuad,CENTRACKINTERNATIONALINC_10_29_1999-EX-10.3-WEB SITE HOSTING AGREEMENT.txt,CENTRACKINTERNATIONALINC_10_29_1999-EX-10.3-WEB SITE HOSTING AGREEMENT,/data/source/personal/awesome-ai-engineer/project/data/raw/cuad/CUAD_v1/CUAD_v1/full_contract_txt/CENTRACKINTERNATIONALINC_10_29_1999-EX-10.3-WEB SITE HOSTING AGREEMENT.txt,14467,2277,3617,127,False
cuad,"CERES,INC_01_25_2012-EX-10.20-Collaboration Agreement.txt","CERES,INC_01_25_2012-EX-10.20-Collaboration Agreement","/data/source/personal/awesome-ai-engineer/project/data/raw/cuad/CUAD_v1/CUAD_v1/full_contract_txt/CERES,INC_01_25_2012-EX-10.20-Collaboration Agreement.txt",289806,40727,72452,4027,False
cuad,CHANGEPOINTCORP_03_08_2000-EX-10.6-LICENSE AND HOSTING AGREEMENT.txt,CHANGEPOINTCORP_03_08_2000-EX-10.6-LICENSE AND HOSTING AGREEMENT,/data/source/personal/awesome-ai-engineer/project/data/raw/cuad/CUAD_v1/CUAD_v1/full_contract_txt/CHANGEPOINTCORP_03_08_2000-EX-10.6-LICENSE AND HOSTING AGREEMENT.txt,136468,18212,34117,885,False
cuad,CHAPARRALRESOURCESINC_03_30_2000-EX-10.66-TRANSPORTATION CONTRACT.txt,CHAPARRALRESOURCESINC_03_30_2000-EX-10.66-TRANSPORTATION CONTRACT,/data/source/personal/awesome-ai-engineer/project/data/raw/cuad/CUAD_v1/CUAD_v1/full_contract_txt/CHAPARRALRESOURCESINC_03_30_2000-EX-10.66-TRANSPORTATION CONTRACT.txt,24494,3859,6124,293,False
cuad,CHEETAHMOBILEINC_04_22_2014-EX-10.43-Cooperation Agreement.txt,CHEETAHMOBILEINC_04_22_2014-EX-10.43-Cooperation Agreement,/data/source/personal/awesome-ai-engineer/project/data/raw/cuad/CUAD_v1/CUAD_v1/full_contract_txt/CHEETAHMOBILEINC_04_22_2014-EX-10.43-Cooperation Agreement.txt,38941,6209,9736,577,False
cuad,CHERRYHILLMORTGAGEINVESTMENTCORP_09_26_2013-EX-10.1-Strategic Alliance Agreement.txt,CHERRYHILLMORTGAGEINVESTMENTCORP_09_26_2013-EX-10.1-Strategic Alliance Agreement,/data/source/personal/awesome-ai-engineer/project/data/raw/cuad/CUAD_v1/CUAD_v1/full_contract_txt/CHERRYHILLMORTGAGEINVESTMENTCORP_09_26_2013-EX-10.1-Strategic Alliance Agreement.txt,27689,4438,6923,207,False
cuad,CHINARECYCLINGENERGYCORP_11_14_2013-EX-10.6-Cooperation Agreement.txt,CHINARECYCLINGENERGYCORP_11_14_2013-EX-10.6-Cooperation Agreement,/data/source/personal/awesome-ai-engineer/project/data/raw/cuad/CUAD_v1/CUAD_v1/full_contract_txt/CHINARECYCLINGENERGYCORP_11_14_2013-EX-10.6-Cooperation Agreement.txt,16263,2663,4066,19,False
cuad,CHIPMOSTECHNOLOGIESBERMUDALTD_04_18_2016-EX-4.72-Strategic Alliance Agreement.txt,CHIPMOSTECHNOLOGIESBERMUDALTD_04_18_2016-EX-4.72-Strategic Alliance Agreement,/data/source/personal/awesome-ai-engineer/project/data/raw/cuad/CUAD_v1/CUAD_v1/full_contract_txt/CHIPMOSTECHNOLOGIESBERMUDALTD_04_18_2016-EX-4.72-Strategic Alliance Agreement.txt,13418,2012,3355,103,False
cuad,"COOLTECHNOLOGIES,INC_10_25_2017-EX-10.71-Strategic Alliance Agreement.txt","COOLTECHNOLOGIES,INC_10_25_2017-EX-10.71-Strategic Alliance Agreement","/data/source/personal/awesome-ai-engineer/project/data/raw/cuad/CUAD_v1/CUAD_v1/full_contract_txt/COOLTECHNOLOGIES,INC_10_25_2017-EX-10.71-Strategic Alliance Agreement.txt",13528,2154,3382,13,False
cuad,"CORALGOLDRESOURCES,LTD_05_28_2020-EX-4.1-CONSULTING AGREEMENT.txt","CORALGOLDRESOURCES,LTD_05_28_2020-EX-4.1-CONSULTING AGREEMENT","/data/source/personal/awesome-ai-engineer/project/data/raw/cuad/CUAD_v1/CUAD_v1/full_contract_txt/CORALGOLDRESOURCES,LTD_05_28_2020-EX-4.1-CONSULTING AGREEMENT.txt",29709,4720,7428,221,False
cuad,CORIOINC_07_20_2000-EX-10.5-LICENSE AND HOSTING AGREEMENT.txt,CORIOINC_07_20_2000-EX-10.5-LICENSE AND HOSTING AGREEMENT,/data/source/personal/awesome-ai-engineer/project/data/raw/cuad/CUAD_v1/CUAD_v1/full_contract_txt/CORIOINC_07_20_2000-EX-10.5-LICENSE AND HOSTING AGREEMENT.txt,54561,8359,13641,403,False
cuad,"CURAEGISTECHNOLOGIES,INC_05_26_2010-EX-1-CORPORATE SPONSORSHIP AGREEMENT.txt","CURAEGISTECHNOLOGIES,INC_05_26_2010-EX-1-CORPORATE SPONSORSHIP AGREEMENT","/data/source/personal/awesome-ai-engineer/project/data/raw/cuad/CUAD_v1/CUAD_v1/full_contract_txt/CURAEGISTECHNOLOGIES,INC_05_26_2010-EX-1-CORPORATE SPONSORSHIP AGREEMENT.txt",12478,1971,3120,149,False
cuad,CUROGROUPHOLDINGSCORP_05_04_2020-EX-10.3-SERVICING AGREEMENT.txt,CUROGROUPHOLDINGSCORP_05_04_2020-EX-10.3-SERVICING AGREEMENT,/data/source/personal/awesome-ai-engineer/project/data/raw/cuad/CUAD_v1/CUAD_v1/full_contract_txt/CUROGROUPHOLDINGSCORP_05_04_2020-EX-10.3-SERVICING AGREEMENT.txt,36566,5788,9142,253,False
cuad,CYBERIANOUTPOSTINC_07_09_1998-EX-10.13-PROMOTION AGREEMENT.txt,CYBERIANOUTPOSTINC_07_09_1998-EX-10.13-PROMOTION AGREEMENT,/data/source/personal/awesome-ai-engineer/project/data/raw/cuad/CUAD_v1/CUAD_v1/full_contract_txt/CYBERIANOUTPOSTINC_07_09_1998-EX-10.13-PROMOTION AGREEMENT.txt,21984,3445,5496,131,False
cuad,CardlyticsInc_20180112_S-1_EX-10.16_11002987_EX-10.16_Maintenance Agreement1.txt,CardlyticsInc_20180112_S-1_EX-10.16_11002987_EX-10.16_Maintenance Agreement1,/data/source/personal/awesome-ai-engineer/project/data/raw/cuad/CUAD_v1/CUAD_v1/full_contract_txt/CardlyticsInc_20180112_S-1_EX-10.16_11002987_EX-10.16_Maintenance Agreement1.txt,164411,25014,41103,967,False
cuad,CardlyticsInc_20180112_S-1_EX-10.16_11002987_EX-10.16_Maintenance Agreement2.txt,CardlyticsInc_20180112_S-1_EX-10.16_11002987_EX-10.16_Maintenance Agreement2,/data/source/personal/awesome-ai-engineer/project/data/raw/cuad/CUAD_v1/CUAD_v1/full_contract_txt/CardlyticsInc_20180112_S-1_EX-10.16_11002987_EX-10.16_Maintenance Agreement2.txt,2758,387,690,63,False
cuad,CardlyticsInc_20180112_S-1_EX-10.16_11002987_EX-10.16_Maintenance Agreement3.txt,CardlyticsInc_20180112_S-1_EX-10.16_11002987_EX-10.16_Maintenance Agreement3,/data/source/personal/awesome-ai-engineer/project/data/raw/cuad/CUAD_v1/CUAD_v1/full_contract_txt/CardlyticsInc_20180112_S-1_EX-10.16_11002987_EX-10.16_Maintenance Agreement3.txt,1677,251,420,33,False
cuad,CardlyticsInc_20180112_S-1_EX-10.16_11002987_EX-10.16_Maintenance Agreement4.txt,CardlyticsInc_20180112_S-1_EX-10.16_11002987_EX-10.16_Maintenance Agreement4,/data/source/personal/awesome-ai-engineer/project/data/raw/cuad/CUAD_v1/CUAD_v1/full_contract_txt/CardlyticsInc_20180112_S-1_EX-10.16_11002987_EX-10.16_Maintenance Agreement4.txt,5236,742,1309,117,False
cuad,CcRealEstateIncomeFundadv_20181205_POS 8C_EX-99.(H)(3)_11447739_EX-99.(H)(3)_Marketing Agreement.txt,CcRealEstateIncomeFundadv_20181205_POS 8C_EX-99.(H)(3)_11447739_EX-99.(H)(3)_Marketing Agreement,/data/source/personal/awesome-ai-engineer/project/data/raw/cuad/CUAD_v1/CUAD_v1/full_contract_txt/CcRealEstateIncomeFundadv_20181205_POS 8C_EX-99.(H)(3)_11447739_EX-99.(H)(3)_Marketing Agreement.txt,30075,4676,7519,79,False
cuad,CerenceInc_20191002_8-K_EX-10.4_11827494_EX-10.4_Intellectual Property Agreement.txt,CerenceInc_20191002_8-K_EX-10.4_11827494_EX-10.4_Intellectual Property Agreement,/data/source/personal/awesome-ai-engineer/project/data/raw/cuad/CUAD_v1/CUAD_v1/full_contract_txt/CerenceInc_20191002_8-K_EX-10.4_11827494_EX-10.4_Intellectual Property Agreement.txt,62078,9593,15520,421,False
cuad,Cerus Corporation - FIRST AMEND TO SUPPLY AND MANUFACTURING AGREEMENT.txt,Cerus Corporation - FIRST AMEND TO SUPPLY AND MANUFACTURING AGREEMENT,/data/source/personal/awesome-ai-engineer/project/data/raw/cuad/CUAD_v1/CUAD_v1/full_contract_txt/Cerus Corporation - FIRST AMEND TO SUPPLY AND MANUFACTURING AGREEMENT.txt,11384,1763,2846,55,False
cuad,ChinaRealEstateInformationCorp_20090929_F-1_EX-10.32_4771615_EX-10.32_Content License Agreement.txt,ChinaRealEstateInformationCorp_20090929_F-1_EX-10.32_4771615_EX-10.32_Content License Agreement,/data/source/personal/awesome-ai-engineer/project/data/raw/cuad/CUAD_v1/CUAD_v1/full_contract_txt/ChinaRealEstateInformationCorp_20090929_F-1_EX-10.32_4771615_EX-10.32_Content License Agreement.txt,48698,7512,12175,387,False
cuad,ClickstreamCorp_20200330_1-A_EX1A-6 MAT CTRCT_12089935_EX1A-6 MAT CTRCT_Development Agreement.txt,ClickstreamCorp_20200330_1-A_EX1A-6 MAT CTRCT_12089935_EX1A-6 MAT CTRCT_Development Agreement,/data/source/personal/awesome-ai-engineer/project/data/raw/cuad/CUAD_v1/CUAD_v1/full_contract_txt/ClickstreamCorp_20200330_1-A_EX1A-6 MAT CTRCT_12089935_EX1A-6 MAT CTRCT_Development Agreement.txt,34151,5312,8538,65,False
cuad,CnsPharmaceuticalsInc_20200326_8-K_EX-10.1_12079626_EX-10.1_Development Agreement.txt,CnsPharmaceuticalsInc_20200326_8-K_EX-10.1_12079626_EX-10.1_Development Agreement,/data/source/personal/awesome-ai-engineer/project/data/raw/cuad/CUAD_v1/CUAD_v1/full_contract_txt/CnsPharmaceuticalsInc_20200326_8-K_EX-10.1_12079626_EX-10.1_Development Agreement.txt,20775,3259,5194,31,False
cuad,CoherusBiosciencesInc_20200227_10-K_EX-10.29_12021376_EX-10.29_Development Agreement.txt,CoherusBiosciencesInc_20200227_10-K_EX-10.29_12021376_EX-10.29_Development Agreement,/data/source/personal/awesome-ai-engineer/project/data/raw/cuad/CUAD_v1/CUAD_v1/full_contract_txt/CoherusBiosciencesInc_20200227_10-K_EX-10.29_12021376_EX-10.29_Development Agreement.txt,145851,21516,36463,959,False
cuad,"Columbia Laboratories, (Bermuda) Ltd. - AMEND NO. 2 TO MANUFACTURING AND SUPPLY AGREEMENT.txt","Columbia Laboratories, (Bermuda) Ltd. - AMEND NO. 2 TO MANUFACTURING AND SUPPLY AGREEMENT","/data/source/personal/awesome-ai-engineer/project/data/raw/cuad/CUAD_v1/CUAD_v1/full_contract_txt/Columbia Laboratories, (Bermuda) Ltd. - AMEND NO. 2 TO MANUFACTURING AND SUPPLY AGREEMENT.txt",45780,7062,11445,253,False
cuad,ConformisInc_20191101_10-Q_EX-10.6_11861402_EX-10.6_Development Agreement.txt,ConformisInc_20191101_10-Q_EX-10.6_11861402_EX-10.6_Development Agreement,/data/source/personal/awesome-ai-engineer/project/data/raw/cuad/CUAD_v1/CUAD_v1/full_contract_txt/ConformisInc_20191101_10-Q_EX-10.6_11861402_EX-10.6_Development Agreement.txt,61929,9567,15483,65,False
cuad,CreditcardscomInc_20070810_S-1_EX-10.33_362297_EX-10.33_Affiliate Agreement.txt,CreditcardscomInc_20070810_S-1_EX-10.33_362297_EX-10.33_Affiliate Agreement,/data/source/personal/awesome-ai-engineer/project/data/raw/cuad/CUAD_v1/CUAD_v1/full_contract_txt/CreditcardscomInc_20070810_S-1_EX-10.33_362297_EX-10.33_Affiliate Agreement.txt,28587,3952,7147,47,False
cuad,CybergyHoldingsInc_20140520_10-Q_EX-10.27_8605784_EX-10.27_Affiliate Agreement.txt,CybergyHoldingsInc_20140520_10-Q_EX-10.27_8605784_EX-10.27_Affiliate Agreement,/data/source/personal/awesome-ai-engineer/project/data/raw/cuad/CUAD_v1/CUAD_v1/full_contract_txt/CybergyHoldingsInc_20140520_10-Q_EX-10.27_8605784_EX-10.27_Affiliate Agreement.txt,33762,5317,8441,572,False
cuad,CytodynInc_20200109_10-Q_EX-10.5_11941634_EX-10.5_License Agreement.txt,CytodynInc_20200109_10-Q_EX-10.5_11941634_EX-10.5_License Agreement,/data/source/personal/awesome-ai-engineer/project/data/raw/cuad/CUAD_v1/CUAD_v1/full_contract_txt/CytodynInc_20200109_10-Q_EX-10.5_11941634_EX-10.5_License Agreement.txt,159292,24708,39823,677,False
cuad,DIVERSINETCORP_03_01_2012-EX-4-RESELLER AGREEMENT.txt,DIVERSINETCORP_03_01_2012-EX-4-RESELLER AGREEMENT,/data/source/personal/awesome-ai-engineer/project/data/raw/cuad/CUAD_v1/CUAD_v1/full_contract_txt/DIVERSINETCORP_03_01_2012-EX-4-RESELLER AGREEMENT.txt,74305,11283,18577,151,False
cuad,DOMINIADVISORTRUST_02_18_2005-EX-99.(H)(2)-SPONSORSHIP AGREEMENT.txt,DOMINIADVISORTRUST_02_18_2005-EX-99.(H)(2)-SPONSORSHIP AGREEMENT,/data/source/personal/awesome-ai-engineer/project/data/raw/cuad/CUAD_v1/CUAD_v1/full_contract_txt/DOMINIADVISORTRUST_02_18_2005-EX-99.(H)(2)-SPONSORSHIP AGREEMENT.txt,11778,1845,2945,53,False
cuad,DRAGONSYSTEMSINC_01_08_1999-EX-10.17-OUTSOURCING AGREEMENT.txt,DRAGONSYSTEMSINC_01_08_1999-EX-10.17-OUTSOURCING AGREEMENT,/data/source/personal/awesome-ai-engineer/project/data/raw/cuad/CUAD_v1/CUAD_v1/full_contract_txt/DRAGONSYSTEMSINC_01_08_1999-EX-10.17-OUTSOURCING AGREEMENT.txt,7264,1034,1816,133,False
cuad,"DRIVENDELIVERIES,INC_05_22_2020-EX-10.4-CONSULTING AGREEMENT.txt","DRIVENDELIVERIES,INC_05_22_2020-EX-10.4-CONSULTING AGREEMENT","/data/source/personal/awesome-ai-engineer/project/data/raw/cuad/CUAD_v1/CUAD_v1/full_contract_txt/DRIVENDELIVERIES,INC_05_22_2020-EX-10.4-CONSULTING AGREEMENT.txt",27875,4176,6969,25,False
cuad,DRKOOPCOMINC_04_21_1999-EX-10.28-SPONSORSHIP AGREEMENT.txt,DRKOOPCOMINC_04_21_1999-EX-10.28-SPONSORSHIP AGREEMENT,/data/source/personal/awesome-ai-engineer/project/data/raw/cuad/CUAD_v1/CUAD_v1/full_contract_txt/DRKOOPCOMINC_04_21_1999-EX-10.28-SPONSORSHIP AGREEMENT.txt,35913,5413,8979,267,False
cuad,"DUOSTECHNOLOGIESGROUP,INC_04_21_2009-EX-10.1-STRATEGIC ALLIANCE AGREEMENT.txt","DUOSTECHNOLOGIESGROUP,INC_04_21_2009-EX-10.1-STRATEGIC ALLIANCE AGREEMENT","/data/source/personal/awesome-ai-engineer/project/data/raw/cuad/CUAD_v1/CUAD_v1/full_contract_txt/DUOSTECHNOLOGIESGROUP,INC_04_21_2009-EX-10.1-STRATEGIC ALLIANCE AGREEMENT.txt",45592,7147,11398,19,False
cuad,DYNAMEXINC_06_06_1996-EX-10.4-TRANSPORTATION SERVICES AGREEMENT.txt,DYNAMEXINC_06_06_1996-EX-10.4-TRANSPORTATION SERVICES AGREEMENT,/data/source/personal/awesome-ai-engineer/project/data/raw/cuad/CUAD_v1/CUAD_v1/full_contract_txt/DYNAMEXINC_06_06_1996-EX-10.4-TRANSPORTATION SERVICES AGREEMENT.txt,41792,6721,10448,441,False
cuad,DYNTEKINC_07_30_1999-EX-10-ONLINE HOSTING AGREEMENT.txt,DYNTEKINC_07_30_1999-EX-10-ONLINE HOSTING AGREEMENT,/data/source/personal/awesome-ai-engineer/project/data/raw/cuad/CUAD_v1/CUAD_v1/full_contract_txt/DYNTEKINC_07_30_1999-EX-10-ONLINE HOSTING AGREEMENT.txt,24723,3992,6181,177,False
cuad,DataCallTechnologies_20060918_SB-2A_EX-10.9_944510_EX-10.9_Content License Agreement.txt,DataCallTechnologies_20060918_SB-2A_EX-10.9_944510_EX-10.9_Content License Agreement,/data/source/personal/awesome-ai-engineer/project/data/raw/cuad/CUAD_v1/CUAD_v1/full_contract_txt/DataCallTechnologies_20060918_SB-2A_EX-10.9_944510_EX-10.9_Content License Agreement.txt,11208,1660,2802,209,False
cuad,DeltathreeInc_19991102_S-1A_EX-10.19_6227850_EX-10.19_Co-Branding Agreement_ Service Agreement.txt,DeltathreeInc_19991102_S-1A_EX-10.19_6227850_EX-10.19_Co-Branding Agreement_ Service Agreement,/data/source/personal/awesome-ai-engineer/project/data/raw/cuad/CUAD_v1/CUAD_v1/full_contract_txt/DeltathreeInc_19991102_S-1A_EX-10.19_6227850_EX-10.19_Co-Branding Agreement_ Service Agreement.txt,26633,4067,6659,201,False
cuad,DigitalCinemaDestinationsCorp_20111220_S-1_EX-10.10_7346719_EX-10.10_Affiliate Agreement.txt,DigitalCinemaDestinationsCorp_20111220_S-1_EX-10.10_7346719_EX-10.10_Affiliate Agreement,/data/source/personal/awesome-ai-engineer/project/data/raw/cuad/CUAD_v1/CUAD_v1/full_contract_txt/DigitalCinemaDestinationsCorp_20111220_S-1_EX-10.10_7346719_EX-10.10_Affiliate Agreement.txt,106974,16670,26744,241,False
cuad,DovaPharmaceuticalsInc_20181108_10-Q_EX-10.2_11414857_EX-10.2_Promotion Agreement.txt,DovaPharmaceuticalsInc_20181108_10-Q_EX-10.2_11414857_EX-10.2_Promotion Agreement,/data/source/personal/awesome-ai-engineer/project/data/raw/cuad/CUAD_v1/CUAD_v1/full_contract_txt/DovaPharmaceuticalsInc_20181108_10-Q_EX-10.2_11414857_EX-10.2_Promotion Agreement.txt,175364,26657,43841,1163,False
cuad,ELANDIAINTERNATIONALINC_04_25_2007-EX-10.21-Outsourcing Agreement.txt,ELANDIAINTERNATIONALINC_04_25_2007-EX-10.21-Outsourcing Agreement,/data/source/personal/awesome-ai-engineer/project/data/raw/cuad/CUAD_v1/CUAD_v1/full_contract_txt/ELANDIAINTERNATIONALINC_04_25_2007-EX-10.21-Outsourcing Agreement.txt,80431,12251,20108,1527,False
cuad,ELECTRAMECCANICA VEHICLES CORP. - Manufacturing Agreement.txt,ELECTRAMECCANICA VEHICLES CORP. - Manufacturing Agreement,/data/source/personal/awesome-ai-engineer/project/data/raw/cuad/CUAD_v1/CUAD_v1/full_contract_txt/ELECTRAMECCANICA VEHICLES CORP. - Manufacturing Agreement.txt,47212,7160,11803,79,False
cuad,"ELFBEAUTY,INC_07_02_2020-EX-10.1-COOPERATION AGREEMENT.txt","ELFBEAUTY,INC_07_02_2020-EX-10.1-COOPERATION AGREEMENT","/data/source/personal/awesome-ai-engineer/project/data/raw/cuad/CUAD_v1/CUAD_v1/full_contract_txt/ELFBEAUTY,INC_07_02_2020-EX-10.1-COOPERATION AGREEMENT.txt",45436,7257,11359,247,False
cuad,EMERALDHEALTHTHERAPEUTICSINC_06_10_2020-EX-4.5-CONSULTING AGREEMENT - DR. GAETANO MORELLO N.D. INC..txt,EMERALDHEALTHTHERAPEUTICSINC_06_10_2020-EX-4.5-CONSULTING AGREEMENT - DR. GAETANO MORELLO N.D. INC.,/data/source/personal/awesome-ai-engineer/project/data/raw/cuad/CUAD_v1/CUAD_v1/full_contract_txt/EMERALDHEALTHTHERAPEUTICSINC_06_10_2020-EX-4.5-CONSULTING AGREEMENT - DR. GAETANO MORELLO N.D. INC..txt,20605,3188,5152,115,False
cuad,ENERGOUSCORP_03_16_2017-EX-10.24-STRATEGIC ALLIANCE AGREEMENT.txt,ENERGOUSCORP_03_16_2017-EX-10.24-STRATEGIC ALLIANCE AGREEMENT,/data/source/personal/awesome-ai-engineer/project/data/raw/cuad/CUAD_v1/CUAD_v1/full_contract_txt/ENERGOUSCORP_03_16_2017-EX-10.24-STRATEGIC ALLIANCE AGREEMENT.txt,81096,12312,20274,129,False
cuad,ENERGYXXILTD_05_08_2015-EX-10.13-Transportation AGREEMENT.txt,ENERGYXXILTD_05_08_2015-EX-10.13-Transportation AGREEMENT,/data/source/personal/awesome-ai-engineer/project/data/raw/cuad/CUAD_v1/CUAD_v1/full_contract_txt/ENERGYXXILTD_05_08_2015-EX-10.13-Transportation AGREEMENT.txt,58791,9225,14698,107,False
cuad,ENTERPRISEPRODUCTSPARTNERSLP_07_08_1998-EX-10.3-TRANSPORTATION CONTRACT.txt,ENTERPRISEPRODUCTSPARTNERSLP_07_08_1998-EX-10.3-TRANSPORTATION CONTRACT,/data/source/personal/awesome-ai-engineer/project/data/raw/cuad/CUAD_v1/CUAD_v1/full_contract_txt/ENTERPRISEPRODUCTSPARTNERSLP_07_08_1998-EX-10.3-TRANSPORTATION CONTRACT.txt,69294,11089,17324,561,False
cuad,ENTERTAINMENTGAMINGASIAINC_02_15_2005-EX-10.5-DISTRIBUTOR AGREEMENT.txt,ENTERTAINMENTGAMINGASIAINC_02_15_2005-EX-10.5-DISTRIBUTOR AGREEMENT,/data/source/personal/awesome-ai-engineer/project/data/raw/cuad/CUAD_v1/CUAD_v1/full_contract_txt/ENTERTAINMENTGAMINGASIAINC_02_15_2005-EX-10.5-DISTRIBUTOR AGREEMENT.txt,44612,6919,11153,331,False
cuad,ENTRUSTINC_07_24_1998-EX-10.5-STRATEGIC ALLIANCE AGREEMENT.txt,ENTRUSTINC_07_24_1998-EX-10.5-STRATEGIC ALLIANCE AGREEMENT,/data/source/personal/awesome-ai-engineer/project/data/raw/cuad/CUAD_v1/CUAD_v1/full_contract_txt/ENTRUSTINC_07_24_1998-EX-10.5-STRATEGIC ALLIANCE AGREEMENT.txt,38482,5772,9621,305,False
cuad,"ETELOS,INC_03_09_2004-EX-10.8-DISTRIBUTOR AGREEMENT.txt","ETELOS,INC_03_09_2004-EX-10.8-DISTRIBUTOR AGREEMENT","/data/source/personal/awesome-ai-engineer/project/data/raw/cuad/CUAD_v1/CUAD_v1/full_contract_txt/ETELOS,INC_03_09_2004-EX-10.8-DISTRIBUTOR AGREEMENT.txt",25533,3861,6384,255,False
cuad,EUROPEANMICROHOLDINGSINC_03_06_1998-EX-10.6-DISTRIBUTOR AGREEMENT.txt,EUROPEANMICROHOLDINGSINC_03_06_1998-EX-10.6-DISTRIBUTOR AGREEMENT,/data/source/personal/awesome-ai-engineer/project/data/raw/cuad/CUAD_v1/CUAD_v1/full_contract_txt/EUROPEANMICROHOLDINGSINC_03_06_1998-EX-10.6-DISTRIBUTOR AGREEMENT.txt,51771,7912,12943,415,False
cuad,EbixInc_20010515_10-Q_EX-10.3_4049767_EX-10.3_Co-Branding Agreement.txt,EbixInc_20010515_10-Q_EX-10.3_4049767_EX-10.3_Co-Branding Agreement,/data/source/personal/awesome-ai-engineer/project/data/raw/cuad/CUAD_v1/CUAD_v1/full_contract_txt/EbixInc_20010515_10-Q_EX-10.3_4049767_EX-10.3_Co-Branding Agreement.txt,39920,6230,9980,289,False
cuad,EcoScienceSolutionsInc_20171117_8-K_EX-10.1_10956472_EX-10.1_Endorsement Agreement.txt,EcoScienceSolutionsInc_20171117_8-K_EX-10.1_10956472_EX-10.1_Endorsement Agreement,/data/source/personal/awesome-ai-engineer/project/data/raw/cuad/CUAD_v1/CUAD_v1/full_contract_txt/EcoScienceSolutionsInc_20171117_8-K_EX-10.1_10956472_EX-10.1_Endorsement Agreement.txt,18068,2842,4517,145,False
cuad,EcoScienceSolutionsInc_20180406_8-K_EX-10.1_11135398_EX-10.1_Sponsorship Agreement.txt,EcoScienceSolutionsInc_20180406_8-K_EX-10.1_11135398_EX-10.1_Sponsorship Agreement,/data/source/personal/awesome-ai-engineer/project/data/raw/cuad/CUAD_v1/CUAD_v1/full_contract_txt/EcoScienceSolutionsInc_20180406_8-K_EX-10.1_11135398_EX-10.1_Sponsorship Agreement.txt,8044,1217,2011,53,False
cuad,EdietsComInc_20001030_10QSB_EX-10.4_2606646_EX-10.4_Co-Branding Agreement.txt,EdietsComInc_20001030_10QSB_EX-10.4_2606646_EX-10.4_Co-Branding Agreement,/data/source/personal/awesome-ai-engineer/project/data/raw/cuad/CUAD_v1/CUAD_v1/full_contract_txt/EdietsComInc_20001030_10QSB_EX-10.4_2606646_EX-10.4_Co-Branding Agreement.txt,60583,9057,15146,543,False
cuad,EhaveInc_20190515_20-F_EX-4.44_11678816_EX-4.44_License Agreement_ Reseller Agreement.txt,EhaveInc_20190515_20-F_EX-4.44_11678816_EX-4.44_License Agreement_ Reseller Agreement,/data/source/personal/awesome-ai-engineer/project/data/raw/cuad/CUAD_v1/CUAD_v1/full_contract_txt/EhaveInc_20190515_20-F_EX-4.44_11678816_EX-4.44_License Agreement_ Reseller Agreement.txt,86966,13622,21742,159,False
cuad,ElPolloLocoHoldingsInc_20200306_10-K_EX-10.16_12041700_EX-10.16_Development Agreement.txt,ElPolloLocoHoldingsInc_20200306_10-K_EX-10.16_12041700_EX-10.16_Development Agreement,/data/source/personal/awesome-ai-engineer/project/data/raw/cuad/CUAD_v1/CUAD_v1/full_contract_txt/ElPolloLocoHoldingsInc_20200306_10-K_EX-10.16_12041700_EX-10.16_Development Agreement.txt,60565,9303,15142,325,False
cuad,EmbarkComInc_19991008_S-1A_EX-10.10_6487661_EX-10.10_Co-Branding Agreement.txt,EmbarkComInc_19991008_S-1A_EX-10.10_6487661_EX-10.10_Co-Branding Agreement,/data/source/personal/awesome-ai-engineer/project/data/raw/cuad/CUAD_v1/CUAD_v1/full_contract_txt/EmbarkComInc_19991008_S-1A_EX-10.10_6487661_EX-10.10_Co-Branding Agreement.txt,32246,4990,8062,295,False
cuad,EmeraldHealthBioceuticalsInc_20200218_1-A_EX1A-6 MAT CTRCT_11987205_EX1A-6 MAT CTRCT_Development Agreement.txt,EmeraldHealthBioceuticalsInc_20200218_1-A_EX1A-6 MAT CTRCT_11987205_EX1A-6 MAT CTRCT_Development Agreement,/data/source/personal/awesome-ai-engineer/project/data/raw/cuad/CUAD_v1/CUAD_v1/full_contract_txt/EmeraldHealthBioceuticalsInc_20200218_1-A_EX1A-6 MAT CTRCT_11987205_EX1A-6 MAT CTRCT_Development Agreement.txt,16439,2598,4110,89,False
cuad,EmmisCommunicationsCorp_20191125_8-K_EX-10.6_11906433_EX-10.6_Marketing Agreement.txt,EmmisCommunicationsCorp_20191125_8-K_EX-10.6_11906433_EX-10.6_Marketing Agreement,/data/source/personal/awesome-ai-engineer/project/data/raw/cuad/CUAD_v1/CUAD_v1/full_contract_txt/EmmisCommunicationsCorp_20191125_8-K_EX-10.6_11906433_EX-10.6_Marketing Agreement.txt,17276,2696,4319,103,False
cuad,EtonPharmaceuticalsInc_20191114_10-Q_EX-10.1_11893941_EX-10.1_Development Agreement.txt,EtonPharmaceuticalsInc_20191114_10-Q_EX-10.1_11893941_EX-10.1_Development Agreement,/data/source/personal/awesome-ai-engineer/project/data/raw/cuad/CUAD_v1/CUAD_v1/full_contract_txt/EtonPharmaceuticalsInc_20191114_10-Q_EX-10.1_11893941_EX-10.1_Development Agreement.txt,65563,10210,16391,89,False
cuad,EuromediaHoldingsCorp_20070215_10SB12G_EX-10.B(01)_525118_EX-10.B(01)_Content License Agreement.txt,EuromediaHoldingsCorp_20070215_10SB12G_EX-10.B(01)_525118_EX-10.B(01)_Content License Agreement,/data/source/personal/awesome-ai-engineer/project/data/raw/cuad/CUAD_v1/CUAD_v1/full_contract_txt/EuromediaHoldingsCorp_20070215_10SB12G_EX-10.B(01)_525118_EX-10.B(01)_Content License Agreement.txt,29542,4577,7386,65,False
cuad,ExactSciencesCorp_20180822_8-K_EX-10.1_11331629_EX-10.1_Promotion Agreement.txt,ExactSciencesCorp_20180822_8-K_EX-10.1_11331629_EX-10.1_Promotion Agreement,/data/source/personal/awesome-ai-engineer/project/data/raw/cuad/CUAD_v1/CUAD_v1/full_contract_txt/ExactSciencesCorp_20180822_8-K_EX-10.1_11331629_EX-10.1_Promotion Agreement.txt,158950,24653,39738,249,False
cuad,FEDERATEDGOVERNMENTINCOMESECURITIESINC_04_28_2020-EX-99.SERV AGREE-SERVICES AGREEMENT.txt,FEDERATEDGOVERNMENTINCOMESECURITIESINC_04_28_2020-EX-99.SERV AGREE-SERVICES AGREEMENT,/data/source/personal/awesome-ai-engineer/project/data/raw/cuad/CUAD_v1/CUAD_v1/full_contract_txt/FEDERATEDGOVERNMENTINCOMESECURITIESINC_04_28_2020-EX-99.SERV AGREE-SERVICES AGREEMENT.txt,11031,1760,2758,89,False
cuad,FEDERATEDGOVERNMENTINCOMESECURITIESINC_04_28_2020-EX-99.SERV AGREE-SERVICES AGREEMENT_AMENDMENT.txt,FEDERATEDGOVERNMENTINCOMESECURITIESINC_04_28_2020-EX-99.SERV AGREE-SERVICES AGREEMENT_AMENDMENT,/data/source/personal/awesome-ai-engineer/project/data/raw/cuad/CUAD_v1/CUAD_v1/full_contract_txt/FEDERATEDGOVERNMENTINCOMESECURITIESINC_04_28_2020-EX-99.SERV AGREE-SERVICES AGREEMENT_AMENDMENT.txt,3860,564,965,29,False
cuad,FEDERATEDGOVERNMENTINCOMESECURITIESINC_04_28_2020-EX-99.SERV AGREE-SERVICES AGREEMENT_POWEROF.txt,FEDERATEDGOVERNMENTINCOMESECURITIESINC_04_28_2020-EX-99.SERV AGREE-SERVICES AGREEMENT_POWEROF,/data/source/personal/awesome-ai-engineer/project/data/raw/cuad/CUAD_v1/CUAD_v1/full_contract_txt/FEDERATEDGOVERNMENTINCOMESECURITIESINC_04_28_2020-EX-99.SERV AGREE-SERVICES AGREEMENT_POWEROF.txt,14368,2207,3592,35,False
cuad,FEDERATEDGOVERNMENTINCOMESECURITIESINC_04_28_2020-EX-99.SERV AGREE-SERVICES AGREEMENT_SECONDAMENDMENT.txt,FEDERATEDGOVERNMENTINCOMESECURITIESINC_04_28_2020-EX-99.SERV AGREE-SERVICES AGREEMENT_SECONDAMENDMENT,/data/source/personal/awesome-ai-engineer/project/data/raw/cuad/CUAD_v1/CUAD_v1/full_contract_txt/FEDERATEDGOVERNMENTINCOMESECURITIESINC_04_28_2020-EX-99.SERV AGREE-SERVICES AGREEMENT_SECONDAMENDMENT.txt,5466,820,1367,1,False
cuad,FIBROGENINC_10_01_2014-EX-10.11-COLLABORATION AGREEMENT.txt,FIBROGENINC_10_01_2014-EX-10.11-COLLABORATION AGREEMENT,/data/source/personal/awesome-ai-engineer/project/data/raw/cuad/CUAD_v1/CUAD_v1/full_contract_txt/FIBROGENINC_10_01_2014-EX-10.11-COLLABORATION AGREEMENT.txt,153802,23738,38451,833,False
cuad,"FIDELITYNATIONALINFORMATIONSERVICES,INC_08_05_2009-EX-10.3-INTELLECTUAL PROPERTY AGREEMENT.txt","FIDELITYNATIONALINFORMATIONSERVICES,INC_08_05_2009-EX-10.3-INTELLECTUAL PROPERTY AGREEMENT","/data/source/personal/awesome-ai-engineer/project/data/raw/cuad/CUAD_v1/CUAD_v1/full_contract_txt/FIDELITYNATIONALINFORMATIONSERVICES,INC_08_05_2009-EX-10.3-INTELLECTUAL PROPERTY AGREEMENT.txt",131134,19237,32784,1017,False
cuad,FLOTEKINDUSTRIESINCCN_05_09_2019-EX-10.1-SUPPLY AGREEMENT.txt,FLOTEKINDUSTRIESINCCN_05_09_2019-EX-10.1-SUPPLY AGREEMENT,/data/source/personal/awesome-ai-engineer/project/data/raw/cuad/CUAD_v1/CUAD_v1/full_contract_txt/FLOTEKINDUSTRIESINCCN_05_09_2019-EX-10.1-SUPPLY AGREEMENT.txt,19335,3031,4834,155,False
cuad,"FOUNDATIONMEDICINE,INC_02_02_2015-EX-10.2-Collaboration Agreement.txt","FOUNDATIONMEDICINE,INC_02_02_2015-EX-10.2-Collaboration Agreement","/data/source/personal/awesome-ai-engineer/project/data/raw/cuad/CUAD_v1/CUAD_v1/full_contract_txt/FOUNDATIONMEDICINE,INC_02_02_2015-EX-10.2-Collaboration Agreement.txt",170642,26081,42661,1649,False
cuad,"FTENETWORKS,INC_02_18_2016-EX-99.4-STRATEGIC ALLIANCE AGREEMENT.txt","FTENETWORKS,INC_02_18_2016-EX-99.4-STRATEGIC ALLIANCE AGREEMENT","/data/source/personal/awesome-ai-engineer/project/data/raw/cuad/CUAD_v1/CUAD_v1/full_contract_txt/FTENETWORKS,INC_02_18_2016-EX-99.4-STRATEGIC ALLIANCE AGREEMENT.txt",37427,5751,9357,59,False
cuad,FUSIONPHARMACEUTICALSINC_06_05_2020-EX-10.17-Supply Agreement - FUSION.txt,FUSIONPHARMACEUTICALSINC_06_05_2020-EX-10.17-Supply Agreement - FUSION,/data/source/personal/awesome-ai-engineer/project/data/raw/cuad/CUAD_v1/CUAD_v1/full_contract_txt/FUSIONPHARMACEUTICALSINC_06_05_2020-EX-10.17-Supply Agreement - FUSION.txt,40545,6227,10137,67,False
cuad,FerroglobePlc_20150624_F-4A_EX-10.20_9154746_EX-10.20_Outsourcing Agreement.txt,FerroglobePlc_20150624_F-4A_EX-10.20_9154746_EX-10.20_Outsourcing Agreement,/data/source/personal/awesome-ai-engineer/project/data/raw/cuad/CUAD_v1/CUAD_v1/full_contract_txt/FerroglobePlc_20150624_F-4A_EX-10.20_9154746_EX-10.20_Outsourcing Agreement.txt,29887,4613,7472,513,False
cuad,Freecook_20180605_S-1_EX-10.3_11233807_EX-10.3_Hosting Agreement.txt,Freecook_20180605_S-1_EX-10.3_11233807_EX-10.3_Hosting Agreement,/data/source/personal/awesome-ai-engineer/project/data/raw/cuad/CUAD_v1/CUAD_v1/full_contract_txt/Freecook_20180605_S-1_EX-10.3_11233807_EX-10.3_Hosting Agreement.txt,6333,995,1584,47,False
cuad,FreezeTagInc_20180411_8-K_EX-10.1_11139603_EX-10.1_Sponsorship Agreement.txt,FreezeTagInc_20180411_8-K_EX-10.1_11139603_EX-10.1_Sponsorship Agreement,/data/source/personal/awesome-ai-engineer/project/data/raw/cuad/CUAD_v1/CUAD_v1/full_contract_txt/FreezeTagInc_20180411_8-K_EX-10.1_11139603_EX-10.1_Sponsorship Agreement.txt,26713,4074,6679,59,False
cuad,FuelcellEnergyInc_20191106_8-K_EX-10.1_11868007_EX-10.1_Development Agreement.txt,FuelcellEnergyInc_20191106_8-K_EX-10.1_11868007_EX-10.1_Development Agreement,/data/source/personal/awesome-ai-engineer/project/data/raw/cuad/CUAD_v1/CUAD_v1/full_contract_txt/FuelcellEnergyInc_20191106_8-K_EX-10.1_11868007_EX-10.1_Development Agreement.txt,105532,15822,26383,793,False
cuad,FulucaiProductionsLtd_20131223_10-Q_EX-10.9_8368347_EX-10.9_Content License Agreement.txt,FulucaiProductionsLtd_20131223_10-Q_EX-10.9_8368347_EX-10.9_Content License Agreement,/data/source/personal/awesome-ai-engineer/project/data/raw/cuad/CUAD_v1/CUAD_v1/full_contract_txt/FulucaiProductionsLtd_20131223_10-Q_EX-10.9_8368347_EX-10.9_Content License Agreement.txt,18403,2796,4601,45,False
cuad,FuseMedicalInc_20190321_10-K_EX-10.43_11575454_EX-10.43_Distributor Agreement.txt,FuseMedicalInc_20190321_10-K_EX-10.43_11575454_EX-10.43_Distributor Agreement,/data/source/personal/awesome-ai-engineer/project/data/raw/cuad/CUAD_v1/CUAD_v1/full_contract_txt/FuseMedicalInc_20190321_10-K_EX-10.43_11575454_EX-10.43_Distributor Agreement.txt,32426,5325,8107,555,False
cuad,GAINSCOINC_01_21_2010-EX-10.41-SPONSORSHIP AGREEMENT.txt,GAINSCOINC_01_21_2010-EX-10.41-SPONSORSHIP AGREEMENT,/data/source/personal/awesome-ai-engineer/project/data/raw/cuad/CUAD_v1/CUAD_v1/full_contract_txt/GAINSCOINC_01_21_2010-EX-10.41-SPONSORSHIP AGREEMENT.txt,15522,2451,3881,77,False
cuad,GALACTICOMMTECHNOLOGIESINC_11_07_1997-EX-10.46-WEB HOSTING AGREEMENT.txt,GALACTICOMMTECHNOLOGIESINC_11_07_1997-EX-10.46-WEB HOSTING AGREEMENT,/data/source/personal/awesome-ai-engineer/project/data/raw/cuad/CUAD_v1/CUAD_v1/full_contract_txt/GALACTICOMMTECHNOLOGIESINC_11_07_1997-EX-10.46-WEB HOSTING AGREEMENT.txt,1455,217,364,19,False
cuad,"GALERATHERAPEUTICS,INC_02_14_2020-EX-99.A-JOINT FILING AGREEMENT.txt","GALERATHERAPEUTICS,INC_02_14_2020-EX-99.A-JOINT FILING AGREEMENT","/data/source/personal/awesome-ai-engineer/project/data/raw/cuad/CUAD_v1/CUAD_v1/full_contract_txt/GALERATHERAPEUTICS,INC_02_14_2020-EX-99.A-JOINT FILING AGREEMENT.txt",3884,620,971,57,False
cuad,"GIGGLESN_HUGS,INC_06_23_2016-EX-10.2-STRATEGIC ALLIANCE AGREEMENT.txt","GIGGLESN_HUGS,INC_06_23_2016-EX-10.2-STRATEGIC ALLIANCE AGREEMENT","/data/source/personal/awesome-ai-engineer/project/data/raw/cuad/CUAD_v1/CUAD_v1/full_contract_txt/GIGGLESN_HUGS,INC_06_23_2016-EX-10.2-STRATEGIC ALLIANCE AGREEMENT.txt",22331,3400,5583,15,False
cuad,GLOBALTECHNOLOGIESLTD_06_08_2020-EX-10.16-CONSULTING AGREEMENT.txt,GLOBALTECHNOLOGIESLTD_06_08_2020-EX-10.16-CONSULTING AGREEMENT,/data/source/personal/awesome-ai-engineer/project/data/raw/cuad/CUAD_v1/CUAD_v1/full_contract_txt/GLOBALTECHNOLOGIESLTD_06_08_2020-EX-10.16-CONSULTING AGREEMENT.txt,20781,3199,5196,13,False
cuad,GOCALLINC_03_30_2000-EX-10.7-Promotion Agreement.txt,GOCALLINC_03_30_2000-EX-10.7-Promotion Agreement,/data/source/personal/awesome-ai-engineer/project/data/raw/cuad/CUAD_v1/CUAD_v1/full_contract_txt/GOCALLINC_03_30_2000-EX-10.7-Promotion Agreement.txt,19714,2958,4929,133,False
cuad,GOLDRESOURCECORP_12_11_2008-EX-10.1-STRATEGIC ALLIANCE AGREEMENT.txt,GOLDRESOURCECORP_12_11_2008-EX-10.1-STRATEGIC ALLIANCE AGREEMENT,/data/source/personal/awesome-ai-engineer/project/data/raw/cuad/CUAD_v1/CUAD_v1/full_contract_txt/GOLDRESOURCECORP_12_11_2008-EX-10.1-STRATEGIC ALLIANCE AGREEMENT.txt,55250,8783,13813,383,False
cuad,"GOOSEHEADINSURANCE,INC_04_02_2018-EX-10.6-Franchise Agreement.txt","GOOSEHEADINSURANCE,INC_04_02_2018-EX-10.6-Franchise Agreement","/data/source/personal/awesome-ai-engineer/project/data/raw/cuad/CUAD_v1/CUAD_v1/full_contract_txt/GOOSEHEADINSURANCE,INC_04_02_2018-EX-10.6-Franchise Agreement.txt",300304,47642,75076,993,False
cuad,GRANTIERRAENERGYINC_05_07_2012-EX-10.6-TRANSPORTATION CONTRACT.txt,GRANTIERRAENERGYINC_05_07_2012-EX-10.6-TRANSPORTATION CONTRACT,/data/source/personal/awesome-ai-engineer/project/data/raw/cuad/CUAD_v1/CUAD_v1/full_contract_txt/GRANTIERRAENERGYINC_05_07_2012-EX-10.6-TRANSPORTATION CONTRACT.txt,223757,35240,55940,1143,False
cuad,"GRIDIRONBIONUTRIENTS,INC_02_05_2020-EX-10.3-SUPPLY AGREEMENT.txt","GRIDIRONBIONUTRIENTS,INC_02_05_2020-EX-10.3-SUPPLY AGREEMENT","/data/source/personal/awesome-ai-engineer/project/data/raw/cuad/CUAD_v1/CUAD_v1/full_contract_txt/GRIDIRONBIONUTRIENTS,INC_02_05_2020-EX-10.3-SUPPLY AGREEMENT.txt",5705,900,1427,9,False
cuad,"GSITECHNOLOGYINC_11_16_2009-EX-10.2-INTELLECTUAL PROPERTY AGREEMENT between SONY ELECTRONICS INC. and GSI TECHNOLOGY, INC..txt","GSITECHNOLOGYINC_11_16_2009-EX-10.2-INTELLECTUAL PROPERTY AGREEMENT between SONY ELECTRONICS INC. and GSI TECHNOLOGY, INC.","/data/source/personal/awesome-ai-engineer/project/data/raw/cuad/CUAD_v1/CUAD_v1/full_contract_txt/GSITECHNOLOGYINC_11_16_2009-EX-10.2-INTELLECTUAL PROPERTY AGREEMENT between SONY ELECTRONICS INC. and GSI TECHNOLOGY, INC..txt",35338,5523,8835,97,False
cuad,GSVINC_05_15_1998-EX-10-SPONSORSHIP AGREEMENT.txt,GSVINC_05_15_1998-EX-10-SPONSORSHIP AGREEMENT,/data/source/personal/awesome-ai-engineer/project/data/raw/cuad/CUAD_v1/CUAD_v1/full_contract_txt/GSVINC_05_15_1998-EX-10-SPONSORSHIP AGREEMENT.txt,37453,5859,9364,357,False
cuad,GULFSOUTHMEDICALSUPPLYINC_12_24_1997-EX-4-AFFILIATE AGREEMENT.txt,GULFSOUTHMEDICALSUPPLYINC_12_24_1997-EX-4-AFFILIATE AGREEMENT,/data/source/personal/awesome-ai-engineer/project/data/raw/cuad/CUAD_v1/CUAD_v1/full_contract_txt/GULFSOUTHMEDICALSUPPLYINC_12_24_1997-EX-4-AFFILIATE AGREEMENT.txt,19047,2731,4762,293,False
cuad,"GWG HOLDINGS, INC. - ORDERLY MARKETING AGREEMENT.txt","GWG HOLDINGS, INC. - ORDERLY MARKETING AGREEMENT","/data/source/personal/awesome-ai-engineer/project/data/raw/cuad/CUAD_v1/CUAD_v1/full_contract_txt/GWG HOLDINGS, INC. - ORDERLY MARKETING AGREEMENT.txt",25385,4142,6347,67,False
cuad,GarrettMotionInc_20181001_8-K_EX-2.4_11364532_EX-2.4_Intellectual Property Agreement.txt,GarrettMotionInc_20181001_8-K_EX-2.4_11364532_EX-2.4_Intellectual Property Agreement,/data/source/personal/awesome-ai-engineer/project/data/raw/cuad/CUAD_v1/CUAD_v1/full_contract_txt/GarrettMotionInc_20181001_8-K_EX-2.4_11364532_EX-2.4_Intellectual Property Agreement.txt,56425,8740,14107,413,False
cuad,GentechHoldingsInc_20190808_1-A_EX1A-6 MAT CTRCT_11776814_EX1A-6 MAT CTRCT_Distributor Agreement.txt,GentechHoldingsInc_20190808_1-A_EX1A-6 MAT CTRCT_11776814_EX1A-6 MAT CTRCT_Distributor Agreement,/data/source/personal/awesome-ai-engineer/project/data/raw/cuad/CUAD_v1/CUAD_v1/full_contract_txt/GentechHoldingsInc_20190808_1-A_EX1A-6 MAT CTRCT_11776814_EX1A-6 MAT CTRCT_Distributor Agreement.txt,26681,4081,6671,77,False
cuad,GlobalTechnologiesGroupInc_20050928_10KSB_EX-10.9_4148808_EX-10.9_Content License Agreement.txt,GlobalTechnologiesGroupInc_20050928_10KSB_EX-10.9_4148808_EX-10.9_Content License Agreement,/data/source/personal/awesome-ai-engineer/project/data/raw/cuad/CUAD_v1/CUAD_v1/full_contract_txt/GlobalTechnologiesGroupInc_20050928_10KSB_EX-10.9_4148808_EX-10.9_Content License Agreement.txt,39444,5897,9861,317,False
cuad,GluMobileInc_20070319_S-1A_EX-10.09_436630_EX-10.09_Content License Agreement1.txt,GluMobileInc_20070319_S-1A_EX-10.09_436630_EX-10.09_Content License Agreement1,/data/source/personal/awesome-ai-engineer/project/data/raw/cuad/CUAD_v1/CUAD_v1/full_contract_txt/GluMobileInc_20070319_S-1A_EX-10.09_436630_EX-10.09_Content License Agreement1.txt,111389,16977,27848,1021,False
cuad,GluMobileInc_20070319_S-1A_EX-10.09_436630_EX-10.09_Content License Agreement2.txt,GluMobileInc_20070319_S-1A_EX-10.09_436630_EX-10.09_Content License Agreement2,/data/source/personal/awesome-ai-engineer/project/data/raw/cuad/CUAD_v1/CUAD_v1/full_contract_txt/GluMobileInc_20070319_S-1A_EX-10.09_436630_EX-10.09_Content License Agreement2.txt,11912,1827,2978,77,False
cuad,GluMobileInc_20070319_S-1A_EX-10.09_436630_EX-10.09_Content License Agreement3.txt,GluMobileInc_20070319_S-1A_EX-10.09_436630_EX-10.09_Content License Agreement3,/data/source/personal/awesome-ai-engineer/project/data/raw/cuad/CUAD_v1/CUAD_v1/full_contract_txt/GluMobileInc_20070319_S-1A_EX-10.09_436630_EX-10.09_Content License Agreement3.txt,3405,542,852,33,False
cuad,GluMobileInc_20070319_S-1A_EX-10.09_436630_EX-10.09_Content License Agreement4.txt,GluMobileInc_20070319_S-1A_EX-10.09_436630_EX-10.09_Content License Agreement4,/data/source/personal/awesome-ai-engineer/project/data/raw/cuad/CUAD_v1/CUAD_v1/full_contract_txt/GluMobileInc_20070319_S-1A_EX-10.09_436630_EX-10.09_Content License Agreement4.txt,1804,291,451,23,False
cuad,GopageCorp_20140221_10-K_EX-10.1_8432966_EX-10.1_Content License Agreement.txt,GopageCorp_20140221_10-K_EX-10.1_8432966_EX-10.1_Content License Agreement,/data/source/personal/awesome-ai-engineer/project/data/raw/cuad/CUAD_v1/CUAD_v1/full_contract_txt/GopageCorp_20140221_10-K_EX-10.1_8432966_EX-10.1_Content License Agreement.txt,39223,6023,9806,125,False
cuad,GpaqAcquisitionHoldingsInc_20200123_S-4A_EX-10.6_11951677_EX-10.6_License Agreement.txt,GpaqAcquisitionHoldingsInc_20200123_S-4A_EX-10.6_11951677_EX-10.6_License Agreement,/data/source/personal/awesome-ai-engineer/project/data/raw/cuad/CUAD_v1/CUAD_v1/full_contract_txt/GpaqAcquisitionHoldingsInc_20200123_S-4A_EX-10.6_11951677_EX-10.6_License Agreement.txt,45170,7162,11293,93,False
cuad,GpaqAcquisitionHoldingsInc_20200123_S-4A_EX-10.8_11951679_EX-10.8_Service Agreement.txt,GpaqAcquisitionHoldingsInc_20200123_S-4A_EX-10.8_11951679_EX-10.8_Service Agreement,/data/source/personal/awesome-ai-engineer/project/data/raw/cuad/CUAD_v1/CUAD_v1/full_contract_txt/GpaqAcquisitionHoldingsInc_20200123_S-4A_EX-10.8_11951679_EX-10.8_Service Agreement.txt,54979,8600,13745,159,False
cuad,GridironBionutrientsInc_20171206_8-K_EX-10.1_10972555_EX-10.1_Endorsement Agreement.txt,GridironBionutrientsInc_20171206_8-K_EX-10.1_10972555_EX-10.1_Endorsement Agreement,/data/source/personal/awesome-ai-engineer/project/data/raw/cuad/CUAD_v1/CUAD_v1/full_contract_txt/GridironBionutrientsInc_20171206_8-K_EX-10.1_10972555_EX-10.1_Endorsement Agreement.txt,28849,4577,7213,63,False
cuad,GridironBionutrientsInc_20171206_8-K_EX-10.2_10972556_EX-10.2_Endorsement Agreement.txt,GridironBionutrientsInc_20171206_8-K_EX-10.2_10972556_EX-10.2_Endorsement Agreement,/data/source/personal/awesome-ai-engineer/project/data/raw/cuad/CUAD_v1/CUAD_v1/full_contract_txt/GridironBionutrientsInc_20171206_8-K_EX-10.2_10972556_EX-10.2_Endorsement Agreement.txt,3376,514,844,23,False
cuad,"HALITRON,INC_03_01_2005-EX-10.15-SPONSORSHIP AND DEVELOPMENT AGREEMENT.txt","HALITRON,INC_03_01_2005-EX-10.15-SPONSORSHIP AND DEVELOPMENT AGREEMENT","/data/source/personal/awesome-ai-engineer/project/data/raw/cuad/CUAD_v1/CUAD_v1/full_contract_txt/HALITRON,INC_03_01_2005-EX-10.15-SPONSORSHIP AND DEVELOPMENT AGREEMENT.txt",28243,4425,7061,205,False
cuad,"HC2HOLDINGS,INC_05_14_2020-EX-10.1-COOPERATION AGREEMENT.txt","HC2HOLDINGS,INC_05_14_2020-EX-10.1-COOPERATION AGREEMENT","/data/source/personal/awesome-ai-engineer/project/data/raw/cuad/CUAD_v1/CUAD_v1/full_contract_txt/HC2HOLDINGS,INC_05_14_2020-EX-10.1-COOPERATION AGREEMENT.txt",54802,8554,13701,49,False
cuad,HEALTHGATEDATACORP_11_24_1999-EX-10.1-HOSTING AND MANAGEMENT AGREEMENT (1).txt,HEALTHGATEDATACORP_11_24_1999-EX-10.1-HOSTING AND MANAGEMENT AGREEMENT (1),/data/source/personal/awesome-ai-engineer/project/data/raw/cuad/CUAD_v1/CUAD_v1/full_contract_txt/HEALTHGATEDATACORP_11_24_1999-EX-10.1-HOSTING AND MANAGEMENT AGREEMENT (1).txt,119862,17800,29966,1645,False
cuad,HEALTHGATEDATACORP_11_24_1999-EX-10.1-HOSTING AND MANAGEMENT AGREEMENT - Escrow Agreement.txt,HEALTHGATEDATACORP_11_24_1999-EX-10.1-HOSTING AND MANAGEMENT AGREEMENT - Escrow Agreement,/data/source/personal/awesome-ai-engineer/project/data/raw/cuad/CUAD_v1/CUAD_v1/full_contract_txt/HEALTHGATEDATACORP_11_24_1999-EX-10.1-HOSTING AND MANAGEMENT AGREEMENT - Escrow Agreement.txt,28996,4101,7249,475,False
cuad,"HEMISPHERX - Sales, Marketing, Distribution, and Supply Agreement.txt","HEMISPHERX - Sales, Marketing, Distribution, and Supply Agreement","/data/source/personal/awesome-ai-engineer/project/data/raw/cuad/CUAD_v1/CUAD_v1/full_contract_txt/HEMISPHERX - Sales, Marketing, Distribution, and Supply Agreement.txt",72822,10825,18206,151,False
cuad,"HERTZGLOBALHOLDINGS,INC_07_07_2016-EX-10.4-INTELLECTUAL PROPERTY AGREEMENT.txt","HERTZGLOBALHOLDINGS,INC_07_07_2016-EX-10.4-INTELLECTUAL PROPERTY AGREEMENT","/data/source/personal/awesome-ai-engineer/project/data/raw/cuad/CUAD_v1/CUAD_v1/full_contract_txt/HERTZGLOBALHOLDINGS,INC_07_07_2016-EX-10.4-INTELLECTUAL PROPERTY AGREEMENT.txt",30702,4903,7676,49,False
cuad,HOLIDAYRVSUPERSTORESINC_04_15_2002-EX-10.13-ENDORSEMENT AGREEMENT.txt,HOLIDAYRVSUPERSTORESINC_04_15_2002-EX-10.13-ENDORSEMENT AGREEMENT,/data/source/personal/awesome-ai-engineer/project/data/raw/cuad/CUAD_v1/CUAD_v1/full_contract_txt/HOLIDAYRVSUPERSTORESINC_04_15_2002-EX-10.13-ENDORSEMENT AGREEMENT.txt,13363,2187,3341,107,False
cuad,"HOSPITALITYINVESTORSTRUST,INC_04_07_2014-EX-10.26-FRANCHISE AGREEMENT.txt","HOSPITALITYINVESTORSTRUST,INC_04_07_2014-EX-10.26-FRANCHISE AGREEMENT","/data/source/personal/awesome-ai-engineer/project/data/raw/cuad/CUAD_v1/CUAD_v1/full_contract_txt/HOSPITALITYINVESTORSTRUST,INC_04_07_2014-EX-10.26-FRANCHISE AGREEMENT.txt",143959,22818,35990,347,False
cuad,HPILHOLDING_01_07_2015-EX-99.1-COOPERATION AGREEMENT.txt,HPILHOLDING_01_07_2015-EX-99.1-COOPERATION AGREEMENT,/data/source/personal/awesome-ai-engineer/project/data/raw/cuad/CUAD_v1/CUAD_v1/full_contract_txt/HPILHOLDING_01_07_2015-EX-99.1-COOPERATION AGREEMENT.txt,19718,2619,4930,21,False
cuad,HUBEIMINKANGPHARMACEUTICALLTD_09_19_2006-EX-10.1-OUTSOURCING AGREEMENT.txt,HUBEIMINKANGPHARMACEUTICALLTD_09_19_2006-EX-10.1-OUTSOURCING AGREEMENT,/data/source/personal/awesome-ai-engineer/project/data/raw/cuad/CUAD_v1/CUAD_v1/full_contract_txt/HUBEIMINKANGPHARMACEUTICALLTD_09_19_2006-EX-10.1-OUTSOURCING AGREEMENT.txt,11200,1817,2800,21,False
cuad,HYDRONTECHNOLOGIESINC_03_31_1997-EX-10.47-SPONSORSHIP AGREEMENT.txt,HYDRONTECHNOLOGIESINC_03_31_1997-EX-10.47-SPONSORSHIP AGREEMENT,/data/source/personal/awesome-ai-engineer/project/data/raw/cuad/CUAD_v1/CUAD_v1/full_contract_txt/HYDRONTECHNOLOGIESINC_03_31_1997-EX-10.47-SPONSORSHIP AGREEMENT.txt,25704,4109,6426,191,False
cuad,HYPERIONSOFTWARECORP_09_28_1994-EX-10.47-EXCLUSIVE DISTRIBUTOR AGREEMENT.txt,HYPERIONSOFTWARECORP_09_28_1994-EX-10.47-EXCLUSIVE DISTRIBUTOR AGREEMENT,/data/source/personal/awesome-ai-engineer/project/data/raw/cuad/CUAD_v1/CUAD_v1/full_contract_txt/HYPERIONSOFTWARECORP_09_28_1994-EX-10.47-EXCLUSIVE DISTRIBUTOR AGREEMENT.txt,35517,5231,8880,307,False
cuad,HarpoonTherapeuticsInc_20200312_10-K_EX-10.18_12051356_EX-10.18_Development Agreement.txt,HarpoonTherapeuticsInc_20200312_10-K_EX-10.18_12051356_EX-10.18_Development Agreement,/data/source/personal/awesome-ai-engineer/project/data/raw/cuad/CUAD_v1/CUAD_v1/full_contract_txt/HarpoonTherapeuticsInc_20200312_10-K_EX-10.18_12051356_EX-10.18_Development Agreement.txt,249207,37886,62302,1649,False
cuad,HealthcareIntegratedTechnologiesInc_20190812_8-K_EX-10.1_11776966_EX-10.1_Reseller Agreement.txt,HealthcareIntegratedTechnologiesInc_20190812_8-K_EX-10.1_11776966_EX-10.1_Reseller Agreement,/data/source/personal/awesome-ai-engineer/project/data/raw/cuad/CUAD_v1/CUAD_v1/full_contract_txt/HealthcareIntegratedTechnologiesInc_20190812_8-K_EX-10.1_11776966_EX-10.1_Reseller Agreement.txt,22262,3498,5566,101,False
cuad,HealthcentralCom_19991108_S-1A_EX-10.27_6623292_EX-10.27_Co-Branding Agreement.txt,HealthcentralCom_19991108_S-1A_EX-10.27_6623292_EX-10.27_Co-Branding Agreement,/data/source/personal/awesome-ai-engineer/project/data/raw/cuad/CUAD_v1/CUAD_v1/full_contract_txt/HealthcentralCom_19991108_S-1A_EX-10.27_6623292_EX-10.27_Co-Branding Agreement.txt,41144,6464,10286,427,False
cuad,HerImports_20161018_8-KA_EX-10.14_9765707_EX-10.14_Maintenance Agreement.txt,HerImports_20161018_8-KA_EX-10.14_9765707_EX-10.14_Maintenance Agreement,/data/source/personal/awesome-ai-engineer/project/data/raw/cuad/CUAD_v1/CUAD_v1/full_contract_txt/HerImports_20161018_8-KA_EX-10.14_9765707_EX-10.14_Maintenance Agreement.txt,10037,1589,2510,21,False
cuad,HertzGroupRealtyTrustInc_20190920_S-11A_EX-10.8_11816941_EX-10.8_Trademark License Agreement.txt,HertzGroupRealtyTrustInc_20190920_S-11A_EX-10.8_11816941_EX-10.8_Trademark License Agreement,/data/source/personal/awesome-ai-engineer/project/data/raw/cuad/CUAD_v1/CUAD_v1/full_contract_txt/HertzGroupRealtyTrustInc_20190920_S-11A_EX-10.8_11816941_EX-10.8_Trademark License Agreement.txt,14289,2235,3573,41,False
cuad,HfEnterprisesInc_20191223_S-1_EX-10.22_11931299_EX-10.22_Development Agreement.txt,HfEnterprisesInc_20191223_S-1_EX-10.22_11931299_EX-10.22_Development Agreement,/data/source/personal/awesome-ai-engineer/project/data/raw/cuad/CUAD_v1/CUAD_v1/full_contract_txt/HfEnterprisesInc_20191223_S-1_EX-10.22_11931299_EX-10.22_Development Agreement.txt,19120,2922,4780,41,False
cuad,ICORECONNECTINC_10_13_2010-EX-7.1-Strategic Alliance Agreement.txt,ICORECONNECTINC_10_13_2010-EX-7.1-Strategic Alliance Agreement,/data/source/personal/awesome-ai-engineer/project/data/raw/cuad/CUAD_v1/CUAD_v1/full_contract_txt/ICORECONNECTINC_10_13_2010-EX-7.1-Strategic Alliance Agreement.txt,25107,3904,6277,99,False
cuad,IDREAMSKYTECHNOLOGYLTD_07_03_2014-EX-10.39-Cooperation Agreement on Mobile Game Business.txt,IDREAMSKYTECHNOLOGYLTD_07_03_2014-EX-10.39-Cooperation Agreement on Mobile Game Business,/data/source/personal/awesome-ai-engineer/project/data/raw/cuad/CUAD_v1/CUAD_v1/full_contract_txt/IDREAMSKYTECHNOLOGYLTD_07_03_2014-EX-10.39-Cooperation Agreement on Mobile Game Business.txt,76089,12047,19023,591,False
cuad,IGENEBIOTECHNOLOGYINC_05_13_2003-EX-1-JOINT VENTURE AGREEMENT.txt,IGENEBIOTECHNOLOGYINC_05_13_2003-EX-1-JOINT VENTURE AGREEMENT,/data/source/personal/awesome-ai-engineer/project/data/raw/cuad/CUAD_v1/CUAD_v1/full_contract_txt/IGENEBIOTECHNOLOGYINC_05_13_2003-EX-1-JOINT VENTURE AGREEMENT.txt,70561,11315,17641,557,False
cuad,IMAGEWARESYSTEMSINC_12_20_1999-EX-10.22-MAINTENANCE AGREEMENT.txt,IMAGEWARESYSTEMSINC_12_20_1999-EX-10.22-MAINTENANCE AGREEMENT,/data/source/personal/awesome-ai-engineer/project/data/raw/cuad/CUAD_v1/CUAD_v1/full_contract_txt/IMAGEWARESYSTEMSINC_12_20_1999-EX-10.22-MAINTENANCE AGREEMENT.txt,19999,2920,5000,207,False
cuad,IMMUNOMEDICSINC_08_07_2019-EX-10.1-PROMOTION AGREEMENT.txt,IMMUNOMEDICSINC_08_07_2019-EX-10.1-PROMOTION AGREEMENT,/data/source/personal/awesome-ai-engineer/project/data/raw/cuad/CUAD_v1/CUAD_v1/full_contract_txt/IMMUNOMEDICSINC_08_07_2019-EX-10.1-PROMOTION AGREEMENT.txt,154552,23919,38638,1007,False
cuad,IMPCOTECHNOLOGIESINC_04_15_2003-EX-10.65-JOINT VENTURE AGREEMENT.txt,IMPCOTECHNOLOGIESINC_04_15_2003-EX-10.65-JOINT VENTURE AGREEMENT,/data/source/personal/awesome-ai-engineer/project/data/raw/cuad/CUAD_v1/CUAD_v1/full_contract_txt/IMPCOTECHNOLOGIESINC_04_15_2003-EX-10.65-JOINT VENTURE AGREEMENT.txt,62214,10141,15554,129,False
cuad,INGEVITYCORP_05_16_2016-EX-10.5-INTELLECTUAL PROPERTY AGREEMENT.txt,INGEVITYCORP_05_16_2016-EX-10.5-INTELLECTUAL PROPERTY AGREEMENT,/data/source/personal/awesome-ai-engineer/project/data/raw/cuad/CUAD_v1/CUAD_v1/full_contract_txt/INGEVITYCORP_05_16_2016-EX-10.5-INTELLECTUAL PROPERTY AGREEMENT.txt,62953,9966,15739,75,False
cuad,INKTOMICORP_06_08_1998-EX-10.14-SOFTWARE HOSTING AGREEMENT.txt,INKTOMICORP_06_08_1998-EX-10.14-SOFTWARE HOSTING AGREEMENT,/data/source/personal/awesome-ai-engineer/project/data/raw/cuad/CUAD_v1/CUAD_v1/full_contract_txt/INKTOMICORP_06_08_1998-EX-10.14-SOFTWARE HOSTING AGREEMENT.txt,64963,9613,16241,615,False
cuad,"INNOVIVA,INC_08_07_2014-EX-10.1-COLLABORATION AGREEMENT.txt","INNOVIVA,INC_08_07_2014-EX-10.1-COLLABORATION AGREEMENT","/data/source/personal/awesome-ai-engineer/project/data/raw/cuad/CUAD_v1/CUAD_v1/full_contract_txt/INNOVIVA,INC_08_07_2014-EX-10.1-COLLABORATION AGREEMENT.txt",189160,28921,47290,235,False
cuad,"INTELLIGENTHIGHWAYSOLUTIONS,INC_01_18_2018-EX-10.1-Strategic Alliance Agreement.txt","INTELLIGENTHIGHWAYSOLUTIONS,INC_01_18_2018-EX-10.1-Strategic Alliance Agreement","/data/source/personal/awesome-ai-engineer/project/data/raw/cuad/CUAD_v1/CUAD_v1/full_contract_txt/INTELLIGENTHIGHWAYSOLUTIONS,INC_01_18_2018-EX-10.1-Strategic Alliance Agreement.txt",8092,1215,2023,11,False
cuad,INTERNATIONALFASTFOODCORP_04_04_1997-EX-99-FRANCHISE AGREEMENT.txt,INTERNATIONALFASTFOODCORP_04_04_1997-EX-99-FRANCHISE AGREEMENT,/data/source/personal/awesome-ai-engineer/project/data/raw/cuad/CUAD_v1/CUAD_v1/full_contract_txt/INTERNATIONALFASTFOODCORP_04_04_1997-EX-99-FRANCHISE AGREEMENT.txt,103530,16084,25883,757,False
cuad,"INTERSECTENT,INC_05_11_2020-EX-10.1-SUPPLY AGREEMENT.txt","INTERSECTENT,INC_05_11_2020-EX-10.1-SUPPLY AGREEMENT","/data/source/personal/awesome-ai-engineer/project/data/raw/cuad/CUAD_v1/CUAD_v1/full_contract_txt/INTERSECTENT,INC_05_11_2020-EX-10.1-SUPPLY AGREEMENT.txt",37930,5964,9483,45,False
cuad,INTRICONCORP_03_10_2009-EX-10.22-Strategic Alliance Agreement.txt,INTRICONCORP_03_10_2009-EX-10.22-Strategic Alliance Agreement,/data/source/personal/awesome-ai-engineer/project/data/raw/cuad/CUAD_v1/CUAD_v1/full_contract_txt/INTRICONCORP_03_10_2009-EX-10.22-Strategic Alliance Agreement.txt,50022,7770,12506,411,False
cuad,"IOVANCEBIOTHERAPEUTICS,INC_08_03_2017-EX-10.1-STRATEGIC ALLIANCE AGREEMENT.txt","IOVANCEBIOTHERAPEUTICS,INC_08_03_2017-EX-10.1-STRATEGIC ALLIANCE AGREEMENT","/data/source/personal/awesome-ai-engineer/project/data/raw/cuad/CUAD_v1/CUAD_v1/full_contract_txt/IOVANCEBIOTHERAPEUTICS,INC_08_03_2017-EX-10.1-STRATEGIC ALLIANCE AGREEMENT.txt",68764,10636,17191,99,False
cuad,"IPAYMENT,INC_05_14_2007-EX-10.1-SPONSORSHIP AGREEMENT.txt","IPAYMENT,INC_05_14_2007-EX-10.1-SPONSORSHIP AGREEMENT","/data/source/personal/awesome-ai-engineer/project/data/raw/cuad/CUAD_v1/CUAD_v1/full_contract_txt/IPAYMENT,INC_05_14_2007-EX-10.1-SPONSORSHIP AGREEMENT.txt",94613,14508,23654,833,False
cuad,IVILLAGEINC_03_17_1999-EX-10.16-SPONSORSHIP AGREEMENT.txt,IVILLAGEINC_03_17_1999-EX-10.16-SPONSORSHIP AGREEMENT,/data/source/personal/awesome-ai-engineer/project/data/raw/cuad/CUAD_v1/CUAD_v1/full_contract_txt/IVILLAGEINC_03_17_1999-EX-10.16-SPONSORSHIP AGREEMENT.txt,22064,3375,5516,143,False
cuad,IbioInc_20200313_8-K_EX-10.1_12052678_EX-10.1_Development Agreement.txt,IbioInc_20200313_8-K_EX-10.1_12052678_EX-10.1_Development Agreement,/data/source/personal/awesome-ai-engineer/project/data/raw/cuad/CUAD_v1/CUAD_v1/full_contract_txt/IbioInc_20200313_8-K_EX-10.1_12052678_EX-10.1_Development Agreement.txt,30500,4648,7625,73,False
cuad,IdeanomicsInc_20151124_8-K_EX-10.2_9354744_EX-10.2_Content License Agreement.txt,IdeanomicsInc_20151124_8-K_EX-10.2_9354744_EX-10.2_Content License Agreement,/data/source/personal/awesome-ai-engineer/project/data/raw/cuad/CUAD_v1/CUAD_v1/full_contract_txt/IdeanomicsInc_20151124_8-K_EX-10.2_9354744_EX-10.2_Content License Agreement.txt,34839,5425,8710,85,False
cuad,IdeanomicsInc_20160330_10-K_EX-10.26_9512211_EX-10.26_Content License Agreement.txt,IdeanomicsInc_20160330_10-K_EX-10.26_9512211_EX-10.26_Content License Agreement,/data/source/personal/awesome-ai-engineer/project/data/raw/cuad/CUAD_v1/CUAD_v1/full_contract_txt/IdeanomicsInc_20160330_10-K_EX-10.26_9512211_EX-10.26_Content License Agreement.txt,40774,6312,10194,335,False
cuad,ImineCorp_20180725_S-1_EX-10.5_11275970_EX-10.5_Distributor Agreement.txt,ImineCorp_20180725_S-1_EX-10.5_11275970_EX-10.5_Distributor Agreement,/data/source/personal/awesome-ai-engineer/project/data/raw/cuad/CUAD_v1/CUAD_v1/full_contract_txt/ImineCorp_20180725_S-1_EX-10.5_11275970_EX-10.5_Distributor Agreement.txt,34429,5369,8608,37,False
cuad,ImperialGardenResortInc_20161028_DRS (on F-1)_EX-10.13_9963189_EX-10.13_Outsourcing Agreement.txt,ImperialGardenResortInc_20161028_DRS (on F-1)_EX-10.13_9963189_EX-10.13_Outsourcing Agreement,/data/source/personal/awesome-ai-engineer/project/data/raw/cuad/CUAD_v1/CUAD_v1/full_contract_txt/ImperialGardenResortInc_20161028_DRS (on F-1)_EX-10.13_9963189_EX-10.13_Outsourcing Agreement.txt,12144,1830,3036,27,False
cuad,ImpresseCorp_20000322_S-1A_EX-10.11_5199234_EX-10.11_Co-Branding Agreement.txt,ImpresseCorp_20000322_S-1A_EX-10.11_5199234_EX-10.11_Co-Branding Agreement,/data/source/personal/awesome-ai-engineer/project/data/raw/cuad/CUAD_v1/CUAD_v1/full_contract_txt/ImpresseCorp_20000322_S-1A_EX-10.11_5199234_EX-10.11_Co-Branding Agreement.txt,47336,7232,11834,325,False
cuad,InmodeLtd_20190729_F-1A_EX-10.9_11743243_EX-10.9_Manufacturing Agreement.txt,InmodeLtd_20190729_F-1A_EX-10.9_11743243_EX-10.9_Manufacturing Agreement,/data/source/personal/awesome-ai-engineer/project/data/raw/cuad/CUAD_v1/CUAD_v1/full_contract_txt/InmodeLtd_20190729_F-1A_EX-10.9_11743243_EX-10.9_Manufacturing Agreement.txt,39528,6096,9882,89,False
cuad,InnerscopeHearingTechnologiesInc_20181109_8-K_EX-10.6_11419704_EX-10.6_Distributor Agreement.txt,InnerscopeHearingTechnologiesInc_20181109_8-K_EX-10.6_11419704_EX-10.6_Distributor Agreement,/data/source/personal/awesome-ai-engineer/project/data/raw/cuad/CUAD_v1/CUAD_v1/full_contract_txt/InnerscopeHearingTechnologiesInc_20181109_8-K_EX-10.6_11419704_EX-10.6_Distributor Agreement.txt,22364,3355,5591,185,False
cuad,IntegrityFunds_20200121_485BPOS_EX-99.E UNDR CONTR_11948727_EX-99.E UNDR CONTR_Service Agreement.txt,IntegrityFunds_20200121_485BPOS_EX-99.E UNDR CONTR_11948727_EX-99.E UNDR CONTR_Service Agreement,/data/source/personal/awesome-ai-engineer/project/data/raw/cuad/CUAD_v1/CUAD_v1/full_contract_txt/IntegrityFunds_20200121_485BPOS_EX-99.E UNDR CONTR_11948727_EX-99.E UNDR CONTR_Service Agreement.txt,23817,3782,5955,31,False
cuad,IntegrityMediaInc_20010329_10-K405_EX-10.17_2373875_EX-10.17_Co-Branding Agreement.txt,IntegrityMediaInc_20010329_10-K405_EX-10.17_2373875_EX-10.17_Co-Branding Agreement,/data/source/personal/awesome-ai-engineer/project/data/raw/cuad/CUAD_v1/CUAD_v1/full_contract_txt/IntegrityMediaInc_20010329_10-K405_EX-10.17_2373875_EX-10.17_Co-Branding Agreement.txt,22434,3521,5609,179,False
cuad,InvendaCorp_20000828_S-1A_EX-10.2_2588206_EX-10.2_Co-Branding Agreement.txt,InvendaCorp_20000828_S-1A_EX-10.2_2588206_EX-10.2_Co-Branding Agreement,/data/source/personal/awesome-ai-engineer/project/data/raw/cuad/CUAD_v1/CUAD_v1/full_contract_txt/InvendaCorp_20000828_S-1A_EX-10.2_2588206_EX-10.2_Co-Branding Agreement.txt,99745,14585,24937,949,False
cuad,IpassInc_20181203_8-K_EX-99.1_11445874_EX-99.1_Reseller Agreement.txt,IpassInc_20181203_8-K_EX-99.1_11445874_EX-99.1_Reseller Agreement,/data/source/personal/awesome-ai-engineer/project/data/raw/cuad/CUAD_v1/CUAD_v1/full_contract_txt/IpassInc_20181203_8-K_EX-99.1_11445874_EX-99.1_Reseller Agreement.txt,73775,11288,18444,205,False
cuad,JINGWEIINTERNATIONALLTD_10_04_2007-EX-10.7-INTELLECTUAL PROPERTY AGREEMENT.txt,JINGWEIINTERNATIONALLTD_10_04_2007-EX-10.7-INTELLECTUAL PROPERTY AGREEMENT,/data/source/personal/awesome-ai-engineer/project/data/raw/cuad/CUAD_v1/CUAD_v1/full_contract_txt/JINGWEIINTERNATIONALLTD_10_04_2007-EX-10.7-INTELLECTUAL PROPERTY AGREEMENT.txt,15160,2341,3790,153,False
cuad,JOINTCORP_09_19_2014-EX-10.15-FRANCHISE AGREEMENT.txt,JOINTCORP_09_19_2014-EX-10.15-FRANCHISE AGREEMENT,/data/source/personal/awesome-ai-engineer/project/data/raw/cuad/CUAD_v1/CUAD_v1/full_contract_txt/JOINTCORP_09_19_2014-EX-10.15-FRANCHISE AGREEMENT.txt,165492,26597,41373,271,False
cuad,KALLOINC_11_03_2011-EX-10.1-STRATEGIC ALLIANCE AGREEMENT.txt,KALLOINC_11_03_2011-EX-10.1-STRATEGIC ALLIANCE AGREEMENT,/data/source/personal/awesome-ai-engineer/project/data/raw/cuad/CUAD_v1/CUAD_v1/full_contract_txt/KALLOINC_11_03_2011-EX-10.1-STRATEGIC ALLIANCE AGREEMENT.txt,73768,11077,18442,599,False
cuad,KENTUCKYUTILITIESCO_03_25_2003-EX-10.65-TRANSPORTATION AGREEMENT.txt,KENTUCKYUTILITIESCO_03_25_2003-EX-10.65-TRANSPORTATION AGREEMENT,/data/source/personal/awesome-ai-engineer/project/data/raw/cuad/CUAD_v1/CUAD_v1/full_contract_txt/KENTUCKYUTILITIESCO_03_25_2003-EX-10.65-TRANSPORTATION AGREEMENT.txt,16602,2553,4151,151,False
cuad,KINGPHARMACEUTICALSINC_08_09_2006-EX-10.1-PROMOTION AGREEMENT.txt,KINGPHARMACEUTICALSINC_08_09_2006-EX-10.1-PROMOTION AGREEMENT,/data/source/personal/awesome-ai-engineer/project/data/raw/cuad/CUAD_v1/CUAD_v1/full_contract_txt/KINGPHARMACEUTICALSINC_08_09_2006-EX-10.1-PROMOTION AGREEMENT.txt,172295,26410,43074,1167,False
cuad,"KIROMICBIOPHARMA,INC_04_08_2020-EX-10.28-JOINT VENTURE AGREEMENT.txt","KIROMICBIOPHARMA,INC_04_08_2020-EX-10.28-JOINT VENTURE AGREEMENT","/data/source/personal/awesome-ai-engineer/project/data/raw/cuad/CUAD_v1/CUAD_v1/full_contract_txt/KIROMICBIOPHARMA,INC_04_08_2020-EX-10.28-JOINT VENTURE AGREEMENT.txt",36546,5709,9137,213,False
cuad,"KIROMICBIOPHARMA,INC_05_11_2020-EX-10.23-CONSULTING AGREEMENT.txt","KIROMICBIOPHARMA,INC_05_11_2020-EX-10.23-CONSULTING AGREEMENT","/data/source/personal/awesome-ai-engineer/project/data/raw/cuad/CUAD_v1/CUAD_v1/full_contract_txt/KIROMICBIOPHARMA,INC_05_11_2020-EX-10.23-CONSULTING AGREEMENT.txt",18379,2752,4595,97,False
cuad,"KNOWLABS,INC_08_15_2005-EX-10-INTELLECTUAL PROPERTY AGREEMENT.txt","KNOWLABS,INC_08_15_2005-EX-10-INTELLECTUAL PROPERTY AGREEMENT","/data/source/personal/awesome-ai-engineer/project/data/raw/cuad/CUAD_v1/CUAD_v1/full_contract_txt/KNOWLABS,INC_08_15_2005-EX-10-INTELLECTUAL PROPERTY AGREEMENT.txt",12969,1968,3243,93,False
cuad,"KUBIENT,INC_07_02_2020-EX-10.14-MASTER SERVICES AGREEMENT_Part1.txt","KUBIENT,INC_07_02_2020-EX-10.14-MASTER SERVICES AGREEMENT_Part1","/data/source/personal/awesome-ai-engineer/project/data/raw/cuad/CUAD_v1/CUAD_v1/full_contract_txt/KUBIENT,INC_07_02_2020-EX-10.14-MASTER SERVICES AGREEMENT_Part1.txt",26092,4011,6523,9,False
cuad,"KUBIENT,INC_07_02_2020-EX-10.14-MASTER SERVICES AGREEMENT_Part2.txt","KUBIENT,INC_07_02_2020-EX-10.14-MASTER SERVICES AGREEMENT_Part2","/data/source/personal/awesome-ai-engineer/project/data/raw/cuad/CUAD_v1/CUAD_v1/full_contract_txt/KUBIENT,INC_07_02_2020-EX-10.14-MASTER SERVICES AGREEMENT_Part2.txt",7596,1167,1899,3,False
cuad,KitovPharmaLtd_20190326_20-F_EX-4.15_11584449_EX-4.15_Manufacturing Agreement.txt,KitovPharmaLtd_20190326_20-F_EX-4.15_11584449_EX-4.15_Manufacturing Agreement,/data/source/personal/awesome-ai-engineer/project/data/raw/cuad/CUAD_v1/CUAD_v1/full_contract_txt/KitovPharmaLtd_20190326_20-F_EX-4.15_11584449_EX-4.15_Manufacturing Agreement.txt,57364,8931,14341,111,False
cuad,LECLANCHÉ S.A. - JOINT DEVELOPMENT AND MARKETING AGREEMENT.txt,LECLANCHÉ S.A. - JOINT DEVELOPMENT AND MARKETING AGREEMENT,/data/source/personal/awesome-ai-engineer/project/data/raw/cuad/CUAD_v1/CUAD_v1/full_contract_txt/LECLANCHÉ S.A. - JOINT DEVELOPMENT AND MARKETING AGREEMENT.txt,20328,3202,5082,329,False
cuad,"LEGACYTECHNOLOGYHOLDINGS,INC_12_09_2005-EX-10.2-DISTRIBUTOR AGREEMENT.txt","LEGACYTECHNOLOGYHOLDINGS,INC_12_09_2005-EX-10.2-DISTRIBUTOR AGREEMENT","/data/source/personal/awesome-ai-engineer/project/data/raw/cuad/CUAD_v1/CUAD_v1/full_contract_txt/LEGACYTECHNOLOGYHOLDINGS,INC_12_09_2005-EX-10.2-DISTRIBUTOR AGREEMENT.txt",12550,1932,3138,91,False
cuad,LEJUHOLDINGSLTD_03_12_2014-EX-10.34-INTERNET CHANNEL COOPERATION AGREEMENT.txt,LEJUHOLDINGSLTD_03_12_2014-EX-10.34-INTERNET CHANNEL COOPERATION AGREEMENT,/data/source/personal/awesome-ai-engineer/project/data/raw/cuad/CUAD_v1/CUAD_v1/full_contract_txt/LEJUHOLDINGSLTD_03_12_2014-EX-10.34-INTERNET CHANNEL COOPERATION AGREEMENT.txt,36554,5930,9139,57,False
cuad,LIGHTBRIDGECORP_11_23_2015-EX-10.26-STRATEGIC ALLIANCE AGREEMENT.txt,LIGHTBRIDGECORP_11_23_2015-EX-10.26-STRATEGIC ALLIANCE AGREEMENT,/data/source/personal/awesome-ai-engineer/project/data/raw/cuad/CUAD_v1/CUAD_v1/full_contract_txt/LIGHTBRIDGECORP_11_23_2015-EX-10.26-STRATEGIC ALLIANCE AGREEMENT.txt,19273,3006,4819,151,False
cuad,LIMEENERGYCO_09_09_1999-EX-10-DISTRIBUTOR AGREEMENT.txt,LIMEENERGYCO_09_09_1999-EX-10-DISTRIBUTOR AGREEMENT,/data/source/personal/awesome-ai-engineer/project/data/raw/cuad/CUAD_v1/CUAD_v1/full_contract_txt/LIMEENERGYCO_09_09_1999-EX-10-DISTRIBUTOR AGREEMENT.txt,38670,5995,9668,243,False
cuad,LOGANSROADHOUSEINC_03_27_1998-EX-10.17-SPONSORSHIP AGREEMENT.txt,LOGANSROADHOUSEINC_03_27_1998-EX-10.17-SPONSORSHIP AGREEMENT,/data/source/personal/awesome-ai-engineer/project/data/raw/cuad/CUAD_v1/CUAD_v1/full_contract_txt/LOGANSROADHOUSEINC_03_27_1998-EX-10.17-SPONSORSHIP AGREEMENT.txt,17850,2859,4463,151,False
cuad,LOOKSMARTLTD_07_20_2012-EX-99.(D)(I)-SPONSORSHIP AGREEMENT.txt,LOOKSMARTLTD_07_20_2012-EX-99.(D)(I)-SPONSORSHIP AGREEMENT,/data/source/personal/awesome-ai-engineer/project/data/raw/cuad/CUAD_v1/CUAD_v1/full_contract_txt/LOOKSMARTLTD_07_20_2012-EX-99.(D)(I)-SPONSORSHIP AGREEMENT.txt,25414,3933,6354,27,False
cuad,LOYALTYPOINTINC_11_16_2004-EX-10.2-RESELLER AGREEMENT.txt,LOYALTYPOINTINC_11_16_2004-EX-10.2-RESELLER AGREEMENT,/data/source/personal/awesome-ai-engineer/project/data/raw/cuad/CUAD_v1/CUAD_v1/full_contract_txt/LOYALTYPOINTINC_11_16_2004-EX-10.2-RESELLER AGREEMENT.txt,92034,12520,23009,725,False
cuad,LUCIDINC_04_15_2011-EX-10.9-DISTRIBUTOR AGREEMENT.txt,LUCIDINC_04_15_2011-EX-10.9-DISTRIBUTOR AGREEMENT,/data/source/personal/awesome-ai-engineer/project/data/raw/cuad/CUAD_v1/CUAD_v1/full_contract_txt/LUCIDINC_04_15_2011-EX-10.9-DISTRIBUTOR AGREEMENT.txt,14982,2340,3746,21,False
cuad,LeadersonlineInc_20000427_S-1A_EX-10.8_4991089_EX-10.8_Co-Branding Agreement.txt,LeadersonlineInc_20000427_S-1A_EX-10.8_4991089_EX-10.8_Co-Branding Agreement,/data/source/personal/awesome-ai-engineer/project/data/raw/cuad/CUAD_v1/CUAD_v1/full_contract_txt/LeadersonlineInc_20000427_S-1A_EX-10.8_4991089_EX-10.8_Co-Branding Agreement.txt,53483,8033,13371,375,False
cuad,LegacyEducationAllianceInc_20141110_8-K_EX-10.9_8828866_EX-10.9_Endorsement Agreement.txt,LegacyEducationAllianceInc_20141110_8-K_EX-10.9_8828866_EX-10.9_Endorsement Agreement,/data/source/personal/awesome-ai-engineer/project/data/raw/cuad/CUAD_v1/CUAD_v1/full_contract_txt/LegacyEducationAllianceInc_20141110_8-K_EX-10.9_8828866_EX-10.9_Endorsement Agreement.txt,19581,3146,4896,43,False
cuad,LegacyEducationAllianceInc_20200330_10-K_EX-10.18_12090678_EX-10.18_Development Agreement.txt,LegacyEducationAllianceInc_20200330_10-K_EX-10.18_12090678_EX-10.18_Development Agreement,/data/source/personal/awesome-ai-engineer/project/data/raw/cuad/CUAD_v1/CUAD_v1/full_contract_txt/LegacyEducationAllianceInc_20200330_10-K_EX-10.18_12090678_EX-10.18_Development Agreement.txt,46187,7245,11547,105,False
cuad,LejuHoldingsLtd_20140121_DRS (on F-1)_EX-10.26_8473102_EX-10.26_Content License Agreement1.txt,LejuHoldingsLtd_20140121_DRS (on F-1)_EX-10.26_8473102_EX-10.26_Content License Agreement1,/data/source/personal/awesome-ai-engineer/project/data/raw/cuad/CUAD_v1/CUAD_v1/full_contract_txt/LejuHoldingsLtd_20140121_DRS (on F-1)_EX-10.26_8473102_EX-10.26_Content License Agreement1.txt,46327,7189,11582,91,False
cuad,LejuHoldingsLtd_20140121_DRS (on F-1)_EX-10.26_8473102_EX-10.26_Content License Agreement2.txt,LejuHoldingsLtd_20140121_DRS (on F-1)_EX-10.26_8473102_EX-10.26_Content License Agreement2,/data/source/personal/awesome-ai-engineer/project/data/raw/cuad/CUAD_v1/CUAD_v1/full_contract_txt/LejuHoldingsLtd_20140121_DRS (on F-1)_EX-10.26_8473102_EX-10.26_Content License Agreement2.txt,2121,326,531,23,False
cuad,LifewayFoodsInc_20160316_10-K_EX-10.24_9489766_EX-10.24_Endorsement Agreement.txt,LifewayFoodsInc_20160316_10-K_EX-10.24_9489766_EX-10.24_Endorsement Agreement,/data/source/personal/awesome-ai-engineer/project/data/raw/cuad/CUAD_v1/CUAD_v1/full_contract_txt/LifewayFoodsInc_20160316_10-K_EX-10.24_9489766_EX-10.24_Endorsement Agreement.txt,10984,1638,2746,17,False
cuad,LinkPlusCorp_20050802_8-K_EX-10_3240252_EX-10_Affiliate Agreement.txt,LinkPlusCorp_20050802_8-K_EX-10_3240252_EX-10_Affiliate Agreement,/data/source/personal/awesome-ai-engineer/project/data/raw/cuad/CUAD_v1/CUAD_v1/full_contract_txt/LinkPlusCorp_20050802_8-K_EX-10_3240252_EX-10_Affiliate Agreement.txt,18639,2896,4660,183,False
cuad,LiquidmetalTechnologiesInc_20200205_8-K_EX-10.1_11968198_EX-10.1_Development Agreement.txt,LiquidmetalTechnologiesInc_20200205_8-K_EX-10.1_11968198_EX-10.1_Development Agreement,/data/source/personal/awesome-ai-engineer/project/data/raw/cuad/CUAD_v1/CUAD_v1/full_contract_txt/LiquidmetalTechnologiesInc_20200205_8-K_EX-10.1_11968198_EX-10.1_Development Agreement.txt,83868,12523,20967,107,False
cuad,LohaCompanyltd_20191209_F-1_EX-10.16_11917878_EX-10.16_Supply Agreement.txt,LohaCompanyltd_20191209_F-1_EX-10.16_11917878_EX-10.16_Supply Agreement,/data/source/personal/awesome-ai-engineer/project/data/raw/cuad/CUAD_v1/CUAD_v1/full_contract_txt/LohaCompanyltd_20191209_F-1_EX-10.16_11917878_EX-10.16_Supply Agreement.txt,11455,1875,2864,33,False
cuad,"Loop Industries, Inc. - Marketing Agreement.txt","Loop Industries, Inc. - Marketing Agreement","/data/source/personal/awesome-ai-engineer/project/data/raw/cuad/CUAD_v1/CUAD_v1/full_contract_txt/Loop Industries, Inc. - Marketing Agreement.txt",34676,5206,8669,37,False
cuad,MACROGENICSINC_08_02_2013-EX-10-COLLABORATION AGREEMENT.txt,MACROGENICSINC_08_02_2013-EX-10-COLLABORATION AGREEMENT,/data/source/personal/awesome-ai-engineer/project/data/raw/cuad/CUAD_v1/CUAD_v1/full_contract_txt/MACROGENICSINC_08_02_2013-EX-10-COLLABORATION AGREEMENT.txt,162066,24315,40517,1311,False
cuad,"MACY_S,INC_05_11_2020-EX-99.4-JOINT FILING AGREEMENT.txt","MACY_S,INC_05_11_2020-EX-99.4-JOINT FILING AGREEMENT","/data/source/personal/awesome-ai-engineer/project/data/raw/cuad/CUAD_v1/CUAD_v1/full_contract_txt/MACY_S,INC_05_11_2020-EX-99.4-JOINT FILING AGREEMENT.txt",1397,216,350,1,False
cuad,MANAKOASERVICESCORP_11_21_2007-EX-7.5-STRATEGIC ALLIANCE AGREEMENT.txt,MANAKOASERVICESCORP_11_21_2007-EX-7.5-STRATEGIC ALLIANCE AGREEMENT,/data/source/personal/awesome-ai-engineer/project/data/raw/cuad/CUAD_v1/CUAD_v1/full_contract_txt/MANAKOASERVICESCORP_11_21_2007-EX-7.5-STRATEGIC ALLIANCE AGREEMENT.txt,14771,2345,3693,121,False
cuad,MANUFACTURERSSERVICESLTD_06_05_2000-EX-10.14-OUTSOURCING AGREEMENT.txt,MANUFACTURERSSERVICESLTD_06_05_2000-EX-10.14-OUTSOURCING AGREEMENT,/data/source/personal/awesome-ai-engineer/project/data/raw/cuad/CUAD_v1/CUAD_v1/full_contract_txt/MANUFACTURERSSERVICESLTD_06_05_2000-EX-10.14-OUTSOURCING AGREEMENT.txt,275304,40836,68826,3209,False
cuad,"MARSHALLHOLDINGSINTERNATIONAL,INC_04_14_2004-EX-10.15-ENDORSEMENT AGREEMENT.txt","MARSHALLHOLDINGSINTERNATIONAL,INC_04_14_2004-EX-10.15-ENDORSEMENT AGREEMENT","/data/source/personal/awesome-ai-engineer/project/data/raw/cuad/CUAD_v1/CUAD_v1/full_contract_txt/MARSHALLHOLDINGSINTERNATIONAL,INC_04_14_2004-EX-10.15-ENDORSEMENT AGREEMENT.txt",11063,1696,2766,99,False
cuad,MARTINMIDSTREAMPARTNERSLP_01_23_2004-EX-10.3-TRANSPORTATION SERVICES AGREEMENT.txt,MARTINMIDSTREAMPARTNERSLP_01_23_2004-EX-10.3-TRANSPORTATION SERVICES AGREEMENT,/data/source/personal/awesome-ai-engineer/project/data/raw/cuad/CUAD_v1/CUAD_v1/full_contract_txt/MARTINMIDSTREAMPARTNERSLP_01_23_2004-EX-10.3-TRANSPORTATION SERVICES AGREEMENT.txt,13747,2173,3437,75,False
cuad,"MEDALISTDIVERSIFIEDREIT,INC_05_18_2020-EX-10.1-CONSULTING AGREEMENT.txt","MEDALISTDIVERSIFIEDREIT,INC_05_18_2020-EX-10.1-CONSULTING AGREEMENT","/data/source/personal/awesome-ai-engineer/project/data/raw/cuad/CUAD_v1/CUAD_v1/full_contract_txt/MEDALISTDIVERSIFIEDREIT,INC_05_18_2020-EX-10.1-CONSULTING AGREEMENT.txt",24287,3722,6072,31,False
cuad,MEDIWOUNDLTD_01_15_2014-EX-10.6-SUPPLY AGREEMENT.txt,MEDIWOUNDLTD_01_15_2014-EX-10.6-SUPPLY AGREEMENT,/data/source/personal/awesome-ai-engineer/project/data/raw/cuad/CUAD_v1/CUAD_v1/full_contract_txt/MEDIWOUNDLTD_01_15_2014-EX-10.6-SUPPLY AGREEMENT.txt,49344,7615,12336,131,False
cuad,"MEETGROUP,INC_06_29_2017-EX-10.1-COOPERATION AGREEMENT.txt","MEETGROUP,INC_06_29_2017-EX-10.1-COOPERATION AGREEMENT","/data/source/personal/awesome-ai-engineer/project/data/raw/cuad/CUAD_v1/CUAD_v1/full_contract_txt/MEETGROUP,INC_06_29_2017-EX-10.1-COOPERATION AGREEMENT.txt",59087,9375,14772,49,False
cuad,MERCATAINC_03_09_2000-EX-10.21-SPONSORSHIP AGREEMENT.txt,MERCATAINC_03_09_2000-EX-10.21-SPONSORSHIP AGREEMENT,/data/source/personal/awesome-ai-engineer/project/data/raw/cuad/CUAD_v1/CUAD_v1/full_contract_txt/MERCATAINC_03_09_2000-EX-10.21-SPONSORSHIP AGREEMENT.txt,20587,3187,5147,135,False
cuad,MERITLIFEINSURANCECO_06_19_2020-EX-10.(XIV)-MASTER SERVICES AGREEMENT.txt,MERITLIFEINSURANCECO_06_19_2020-EX-10.(XIV)-MASTER SERVICES AGREEMENT,/data/source/personal/awesome-ai-engineer/project/data/raw/cuad/CUAD_v1/CUAD_v1/full_contract_txt/MERITLIFEINSURANCECO_06_19_2020-EX-10.(XIV)-MASTER SERVICES AGREEMENT.txt,22054,3327,5514,39,False
cuad,"MFAFINANCIAL,INC_07_06_2020-EX-99.D-JOINT FILING AGREEMENT.txt","MFAFINANCIAL,INC_07_06_2020-EX-99.D-JOINT FILING AGREEMENT","/data/source/personal/awesome-ai-engineer/project/data/raw/cuad/CUAD_v1/CUAD_v1/full_contract_txt/MFAFINANCIAL,INC_07_06_2020-EX-99.D-JOINT FILING AGREEMENT.txt",3583,577,896,7,False
cuad,"MIDDLEBROOKPHARMACEUTICALS,INC_03_18_2010-EX-10.1-PROMOTION AGREEMENT.txt","MIDDLEBROOKPHARMACEUTICALS,INC_03_18_2010-EX-10.1-PROMOTION AGREEMENT","/data/source/personal/awesome-ai-engineer/project/data/raw/cuad/CUAD_v1/CUAD_v1/full_contract_txt/MIDDLEBROOKPHARMACEUTICALS,INC_03_18_2010-EX-10.1-PROMOTION AGREEMENT.txt",56752,8821,14188,313,False
cuad,"MJBIOTECH,INC_12_06_2018-EX-99.01-JOINT VENTURE AGREEMENT.txt","MJBIOTECH,INC_12_06_2018-EX-99.01-JOINT VENTURE AGREEMENT","/data/source/personal/awesome-ai-engineer/project/data/raw/cuad/CUAD_v1/CUAD_v1/full_contract_txt/MJBIOTECH,INC_12_06_2018-EX-99.01-JOINT VENTURE AGREEMENT.txt",23511,3709,5878,487,False
cuad,MOELIS_CO_03_24_2014-EX-10.19-STRATEGIC ALLIANCE AGREEMENT.txt,MOELIS_CO_03_24_2014-EX-10.19-STRATEGIC ALLIANCE AGREEMENT,/data/source/personal/awesome-ai-engineer/project/data/raw/cuad/CUAD_v1/CUAD_v1/full_contract_txt/MOELIS_CO_03_24_2014-EX-10.19-STRATEGIC ALLIANCE AGREEMENT.txt,120278,18613,30070,135,False
cuad,MOSSIMOINC_04_14_2000-EX-10.14-ENDORSEMENT AGREEMENT.txt,MOSSIMOINC_04_14_2000-EX-10.14-ENDORSEMENT AGREEMENT,/data/source/personal/awesome-ai-engineer/project/data/raw/cuad/CUAD_v1/CUAD_v1/full_contract_txt/MOSSIMOINC_04_14_2000-EX-10.14-ENDORSEMENT AGREEMENT.txt,22103,3474,5526,145,False
cuad,MOVADOGROUPINC_04_30_2003-EX-10.28-ENDORSEMENT AGREEMENT.txt,MOVADOGROUPINC_04_30_2003-EX-10.28-ENDORSEMENT AGREEMENT,/data/source/personal/awesome-ai-engineer/project/data/raw/cuad/CUAD_v1/CUAD_v1/full_contract_txt/MOVADOGROUPINC_04_30_2003-EX-10.28-ENDORSEMENT AGREEMENT.txt,16527,2705,4132,105,False
cuad,MPLXLP_06_17_2015-EX-10.1-TRANSPORTATION SERVICES AGREEMENT.txt,MPLXLP_06_17_2015-EX-10.1-TRANSPORTATION SERVICES AGREEMENT,/data/source/personal/awesome-ai-engineer/project/data/raw/cuad/CUAD_v1/CUAD_v1/full_contract_txt/MPLXLP_06_17_2015-EX-10.1-TRANSPORTATION SERVICES AGREEMENT.txt,57535,8908,14384,417,False
cuad,MRSFIELDSORIGINALCOOKIESINC_01_29_1998-EX-10-FRANCHISE AGREEMENT.txt,MRSFIELDSORIGINALCOOKIESINC_01_29_1998-EX-10-FRANCHISE AGREEMENT,/data/source/personal/awesome-ai-engineer/project/data/raw/cuad/CUAD_v1/CUAD_v1/full_contract_txt/MRSFIELDSORIGINALCOOKIESINC_01_29_1998-EX-10-FRANCHISE AGREEMENT.txt,223729,33491,55933,1417,False
cuad,MSCIINC_02_28_2008-EX-10.10-.txt,MSCIINC_02_28_2008-EX-10.10-,/data/source/personal/awesome-ai-engineer/project/data/raw/cuad/CUAD_v1/CUAD_v1/full_contract_txt/MSCIINC_02_28_2008-EX-10.10-.txt,11649,1846,2913,109,False
cuad,MTITECHNOLOGYCORP_11_16_2004-EX-10.102-Reseller Agreement Premier Addendum.txt,MTITECHNOLOGYCORP_11_16_2004-EX-10.102-Reseller Agreement Premier Addendum,/data/source/personal/awesome-ai-engineer/project/data/raw/cuad/CUAD_v1/CUAD_v1/full_contract_txt/MTITECHNOLOGYCORP_11_16_2004-EX-10.102-Reseller Agreement Premier Addendum.txt,31838,4668,7960,315,False
cuad,"Magenta Therapeutics, Inc. - Master Development and Manufacturing Agreement.txt","Magenta Therapeutics, Inc. - Master Development and Manufacturing Agreement","/data/source/personal/awesome-ai-engineer/project/data/raw/cuad/CUAD_v1/CUAD_v1/full_contract_txt/Magenta Therapeutics, Inc. - Master Development and Manufacturing Agreement.txt",73510,11200,18378,315,False
cuad,"MetLife, Inc. - Remarketing Agreement.txt","MetLife, Inc. - Remarketing Agreement","/data/source/personal/awesome-ai-engineer/project/data/raw/cuad/CUAD_v1/CUAD_v1/full_contract_txt/MetLife, Inc. - Remarketing Agreement.txt",110886,17492,27722,419,False
cuad,Microgenics Corporation - Collaborative Development and Commercialization Agreement.txt,Microgenics Corporation - Collaborative Development and Commercialization Agreement,/data/source/personal/awesome-ai-engineer/project/data/raw/cuad/CUAD_v1/CUAD_v1/full_contract_txt/Microgenics Corporation - Collaborative Development and Commercialization Agreement.txt,189080,27777,47270,535,False
cuad,MidwestEnergyEmissionsCorp_20080604_8-K_EX-10.2_3093976_EX-10.2_Content License Agreement.txt,MidwestEnergyEmissionsCorp_20080604_8-K_EX-10.2_3093976_EX-10.2_Content License Agreement,/data/source/personal/awesome-ai-engineer/project/data/raw/cuad/CUAD_v1/CUAD_v1/full_contract_txt/MidwestEnergyEmissionsCorp_20080604_8-K_EX-10.2_3093976_EX-10.2_Content License Agreement.txt,33008,5198,8252,205,False
cuad,Monsanto Company - SECOND A_R EXCLUSIVE AGENCY AND MARKETING AGREEMENT .txt,Monsanto Company - SECOND A_R EXCLUSIVE AGENCY AND MARKETING AGREEMENT ,/data/source/personal/awesome-ai-engineer/project/data/raw/cuad/CUAD_v1/CUAD_v1/full_contract_txt/Monsanto Company - SECOND A_R EXCLUSIVE AGENCY AND MARKETING AGREEMENT .txt,220791,33709,55198,2001,False
cuad,MorganStanleyDirectLendingFund_20191119_10-12GA_EX-10.5_11898508_EX-10.5_Trademark License Agreement.txt,MorganStanleyDirectLendingFund_20191119_10-12GA_EX-10.5_11898508_EX-10.5_Trademark License Agreement,/data/source/personal/awesome-ai-engineer/project/data/raw/cuad/CUAD_v1/CUAD_v1/full_contract_txt/MorganStanleyDirectLendingFund_20191119_10-12GA_EX-10.5_11898508_EX-10.5_Trademark License Agreement.txt,16129,2429,4033,29,False
cuad,MphaseTechnologiesInc_20030911_10-K_EX-10.15_1560667_EX-10.15_Co-Branding Agreement.txt,MphaseTechnologiesInc_20030911_10-K_EX-10.15_1560667_EX-10.15_Co-Branding Agreement,/data/source/personal/awesome-ai-engineer/project/data/raw/cuad/CUAD_v1/CUAD_v1/full_contract_txt/MphaseTechnologiesInc_20030911_10-K_EX-10.15_1560667_EX-10.15_Co-Branding Agreement.txt,7411,1159,1853,95,False
cuad,MusclepharmCorp_20170208_10-KA_EX-10.38_9893581_EX-10.38_Co-Branding Agreement.txt,MusclepharmCorp_20170208_10-KA_EX-10.38_9893581_EX-10.38_Co-Branding Agreement,/data/source/personal/awesome-ai-engineer/project/data/raw/cuad/CUAD_v1/CUAD_v1/full_contract_txt/MusclepharmCorp_20170208_10-KA_EX-10.38_9893581_EX-10.38_Co-Branding Agreement.txt,86862,13364,21716,153,False
cuad,N2KINC_10_16_1997-EX-10.16-SPONSORSHIP AGREEMENT.txt,N2KINC_10_16_1997-EX-10.16-SPONSORSHIP AGREEMENT,/data/source/personal/awesome-ai-engineer/project/data/raw/cuad/CUAD_v1/CUAD_v1/full_contract_txt/N2KINC_10_16_1997-EX-10.16-SPONSORSHIP AGREEMENT.txt,35785,5494,8947,319,False
cuad,NANOPHASETECHNOLOGIESCORP_11_01_2005-EX-99.1-DISTRIBUTOR AGREEMENT.txt,NANOPHASETECHNOLOGIESCORP_11_01_2005-EX-99.1-DISTRIBUTOR AGREEMENT,/data/source/personal/awesome-ai-engineer/project/data/raw/cuad/CUAD_v1/CUAD_v1/full_contract_txt/NANOPHASETECHNOLOGIESCORP_11_01_2005-EX-99.1-DISTRIBUTOR AGREEMENT.txt,48122,7610,12031,59,False
cuad,NATIONALPROCESSINGINC_07_18_1996-EX-10.4-SPONSORSHIP AGREEMENT.txt,NATIONALPROCESSINGINC_07_18_1996-EX-10.4-SPONSORSHIP AGREEMENT,/data/source/personal/awesome-ai-engineer/project/data/raw/cuad/CUAD_v1/CUAD_v1/full_contract_txt/NATIONALPROCESSINGINC_07_18_1996-EX-10.4-SPONSORSHIP AGREEMENT.txt,28313,4294,7079,199,False
cuad,NELNETINC_04_08_2020-EX-1-JOINT FILING AGREEMENT.txt,NELNETINC_04_08_2020-EX-1-JOINT FILING AGREEMENT,/data/source/personal/awesome-ai-engineer/project/data/raw/cuad/CUAD_v1/CUAD_v1/full_contract_txt/NELNETINC_04_08_2020-EX-1-JOINT FILING AGREEMENT.txt,1081,170,271,15,False
cuad,NEOMEDIATECHNOLOGIESINC_12_15_2005-EX-16.1-DISTRIBUTOR AGREEMENT.txt,NEOMEDIATECHNOLOGIESINC_12_15_2005-EX-16.1-DISTRIBUTOR AGREEMENT,/data/source/personal/awesome-ai-engineer/project/data/raw/cuad/CUAD_v1/CUAD_v1/full_contract_txt/NEOMEDIATECHNOLOGIESINC_12_15_2005-EX-16.1-DISTRIBUTOR AGREEMENT.txt,32032,4952,8008,259,False
cuad,NEONSYSTEMSINC_03_01_1999-EX-10.5-DISTRIBUTOR AGREEMENT_Amendment.txt,NEONSYSTEMSINC_03_01_1999-EX-10.5-DISTRIBUTOR AGREEMENT_Amendment,/data/source/personal/awesome-ai-engineer/project/data/raw/cuad/CUAD_v1/CUAD_v1/full_contract_txt/NEONSYSTEMSINC_03_01_1999-EX-10.5-DISTRIBUTOR AGREEMENT_Amendment.txt,18016,2839,4504,135,False
cuad,NEONSYSTEMSINC_03_01_1999-EX-10.5-DISTRIBUTOR AGREEMENT_New.txt,NEONSYSTEMSINC_03_01_1999-EX-10.5-DISTRIBUTOR AGREEMENT_New,/data/source/personal/awesome-ai-engineer/project/data/raw/cuad/CUAD_v1/CUAD_v1/full_contract_txt/NEONSYSTEMSINC_03_01_1999-EX-10.5-DISTRIBUTOR AGREEMENT_New.txt,56424,8570,14106,377,False
cuad,"NETGEAR,INC_04_21_2003-EX-10.16- AMENDMENT #2 TO THE DISTRIBUTION AGREEMENT.txt","NETGEAR,INC_04_21_2003-EX-10.16- AMENDMENT #2 TO THE DISTRIBUTION AGREEMENT","/data/source/personal/awesome-ai-engineer/project/data/raw/cuad/CUAD_v1/CUAD_v1/full_contract_txt/NETGEAR,INC_04_21_2003-EX-10.16- AMENDMENT #2 TO THE DISTRIBUTION AGREEMENT.txt",3622,542,906,43,False
cuad,"NETGEAR,INC_04_21_2003-EX-10.16-AMENDMENT TO THE DISTRIBUTOR AGREEMENT BETWEEN INGRAM MICRO AND NETGEAR.txt","NETGEAR,INC_04_21_2003-EX-10.16-AMENDMENT TO THE DISTRIBUTOR AGREEMENT BETWEEN INGRAM MICRO AND NETGEAR","/data/source/personal/awesome-ai-engineer/project/data/raw/cuad/CUAD_v1/CUAD_v1/full_contract_txt/NETGEAR,INC_04_21_2003-EX-10.16-AMENDMENT TO THE DISTRIBUTOR AGREEMENT BETWEEN INGRAM MICRO AND NETGEAR.txt",6433,955,1609,95,False
cuad,"NETGEAR,INC_04_21_2003-EX-10.16-DISTRIBUTOR AGREEMENT.txt","NETGEAR,INC_04_21_2003-EX-10.16-DISTRIBUTOR AGREEMENT","/data/source/personal/awesome-ai-engineer/project/data/raw/cuad/CUAD_v1/CUAD_v1/full_contract_txt/NETGEAR,INC_04_21_2003-EX-10.16-DISTRIBUTOR AGREEMENT.txt",39092,5998,9773,293,False
cuad,NETGROCERINC_07_31_1998-EX-10.15-SPONSORSHIP AGREEMENT.txt,NETGROCERINC_07_31_1998-EX-10.15-SPONSORSHIP AGREEMENT,/data/source/personal/awesome-ai-engineer/project/data/raw/cuad/CUAD_v1/CUAD_v1/full_contract_txt/NETGROCERINC_07_31_1998-EX-10.15-SPONSORSHIP AGREEMENT.txt,33138,5147,8285,257,False
cuad,NETZEEINC_11_14_2002-EX-10.3-MAINTENANCE AGREEMENT.txt,NETZEEINC_11_14_2002-EX-10.3-MAINTENANCE AGREEMENT,/data/source/personal/awesome-ai-engineer/project/data/raw/cuad/CUAD_v1/CUAD_v1/full_contract_txt/NETZEEINC_11_14_2002-EX-10.3-MAINTENANCE AGREEMENT.txt,3231,456,808,31,False
cuad,NEXSTARFINANCEHOLDINGSINC_03_27_2002-EX-10.26-OUTSOURCING AGREEMENT.txt,NEXSTARFINANCEHOLDINGSINC_03_27_2002-EX-10.26-OUTSOURCING AGREEMENT,/data/source/personal/awesome-ai-engineer/project/data/raw/cuad/CUAD_v1/CUAD_v1/full_contract_txt/NEXSTARFINANCEHOLDINGSINC_03_27_2002-EX-10.26-OUTSOURCING AGREEMENT.txt,115519,18255,28880,665,False
cuad,NICELTD_06_26_2003-EX-4.5-OUTSOURCING AGREEMENT.txt,NICELTD_06_26_2003-EX-4.5-OUTSOURCING AGREEMENT,/data/source/personal/awesome-ai-engineer/project/data/raw/cuad/CUAD_v1/CUAD_v1/full_contract_txt/NICELTD_06_26_2003-EX-4.5-OUTSOURCING AGREEMENT.txt,120653,18525,30164,719,False
cuad,"NOVOINTEGRATEDSCIENCES,INC_12_23_2019-EX-10.1-JOINT VENTURE AGREEMENT.txt","NOVOINTEGRATEDSCIENCES,INC_12_23_2019-EX-10.1-JOINT VENTURE AGREEMENT","/data/source/personal/awesome-ai-engineer/project/data/raw/cuad/CUAD_v1/CUAD_v1/full_contract_txt/NOVOINTEGRATEDSCIENCES,INC_12_23_2019-EX-10.1-JOINT VENTURE AGREEMENT.txt",21911,3378,5478,23,False
cuad,NUVEEN - REMARKETING AGREEMENT.txt,NUVEEN - REMARKETING AGREEMENT,/data/source/personal/awesome-ai-engineer/project/data/raw/cuad/CUAD_v1/CUAD_v1/full_contract_txt/NUVEEN - REMARKETING AGREEMENT.txt,70511,11181,17628,441,False
cuad,NYLIACVARIABLEANNUITYSEPARATEACCOUNTIII_04_10_2020-EX-99.8.KK-SERVICE AGREEMENT.txt,NYLIACVARIABLEANNUITYSEPARATEACCOUNTIII_04_10_2020-EX-99.8.KK-SERVICE AGREEMENT,/data/source/personal/awesome-ai-engineer/project/data/raw/cuad/CUAD_v1/CUAD_v1/full_contract_txt/NYLIACVARIABLEANNUITYSEPARATEACCOUNTIII_04_10_2020-EX-99.8.KK-SERVICE AGREEMENT.txt,6836,1062,1709,51,False
cuad,NakedBrandGroupInc_20150731_POS AM (on S-1)_EX-10.75_9196027_EX-10.75_Endorsement Agreement.txt,NakedBrandGroupInc_20150731_POS AM (on S-1)_EX-10.75_9196027_EX-10.75_Endorsement Agreement,/data/source/personal/awesome-ai-engineer/project/data/raw/cuad/CUAD_v1/CUAD_v1/full_contract_txt/NakedBrandGroupInc_20150731_POS AM (on S-1)_EX-10.75_9196027_EX-10.75_Endorsement Agreement.txt,48094,7569,12024,333,False
cuad,NeoformaInc_19991202_S-1A_EX-10.26_5224521_EX-10.26_Co-Branding Agreement.txt,NeoformaInc_19991202_S-1A_EX-10.26_5224521_EX-10.26_Co-Branding Agreement,/data/source/personal/awesome-ai-engineer/project/data/raw/cuad/CUAD_v1/CUAD_v1/full_contract_txt/NeoformaInc_19991202_S-1A_EX-10.26_5224521_EX-10.26_Co-Branding Agreement.txt,91072,13163,22768,637,False
cuad,NeuroboPharmaceuticalsInc_20190903_S-4_EX-10.36_11802165_EX-10.36_Manufacturing Agreement_ Supply Agreement.txt,NeuroboPharmaceuticalsInc_20190903_S-4_EX-10.36_11802165_EX-10.36_Manufacturing Agreement_ Supply Agreement,/data/source/personal/awesome-ai-engineer/project/data/raw/cuad/CUAD_v1/CUAD_v1/full_contract_txt/NeuroboPharmaceuticalsInc_20190903_S-4_EX-10.36_11802165_EX-10.36_Manufacturing Agreement_ Supply Agreement.txt,19964,3011,4991,53,False
cuad,NlsPharmaceuticsLtd_20200228_F-1_EX-10.14_12029046_EX-10.14_Development Agreement.txt,NlsPharmaceuticsLtd_20200228_F-1_EX-10.14_12029046_EX-10.14_Development Agreement,/data/source/personal/awesome-ai-engineer/project/data/raw/cuad/CUAD_v1/CUAD_v1/full_contract_txt/NlsPharmaceuticsLtd_20200228_F-1_EX-10.14_12029046_EX-10.14_Development Agreement.txt,67824,10525,16956,245,False
cuad,NmfSlfIInc_20200115_10-12GA_EX-10.5_11946987_EX-10.5_Trademark License Agreement.txt,NmfSlfIInc_20200115_10-12GA_EX-10.5_11946987_EX-10.5_Trademark License Agreement,/data/source/personal/awesome-ai-engineer/project/data/raw/cuad/CUAD_v1/CUAD_v1/full_contract_txt/NmfSlfIInc_20200115_10-12GA_EX-10.5_11946987_EX-10.5_Trademark License Agreement.txt,17042,2693,4261,27,False
cuad,"OAKTREECAPITALGROUP,LLC_03_02_2020-EX-10.8-Services Agreement.txt","OAKTREECAPITALGROUP,LLC_03_02_2020-EX-10.8-Services Agreement","/data/source/personal/awesome-ai-engineer/project/data/raw/cuad/CUAD_v1/CUAD_v1/full_contract_txt/OAKTREECAPITALGROUP,LLC_03_02_2020-EX-10.8-Services Agreement.txt",20105,3185,5027,245,False
cuad,"OASYSMOBILE,INC_07_05_2001-EX-10.17-OUTSOURCING AGREEMENT.txt","OASYSMOBILE,INC_07_05_2001-EX-10.17-OUTSOURCING AGREEMENT","/data/source/personal/awesome-ai-engineer/project/data/raw/cuad/CUAD_v1/CUAD_v1/full_contract_txt/OASYSMOBILE,INC_07_05_2001-EX-10.17-OUTSOURCING AGREEMENT.txt",54383,8063,13596,385,False
cuad,OFGBANCORP_03_28_2007-EX-10.23-OUTSOURCING AGREEMENT.txt,OFGBANCORP_03_28_2007-EX-10.23-OUTSOURCING AGREEMENT,/data/source/personal/awesome-ai-engineer/project/data/raw/cuad/CUAD_v1/CUAD_v1/full_contract_txt/OFGBANCORP_03_28_2007-EX-10.23-OUTSOURCING AGREEMENT.txt,157867,23807,39467,1387,False
cuad,OLDAPIWIND-DOWNLTD_01_08_2016-EX-1.3-AGENCY AGREEMENT1.txt,OLDAPIWIND-DOWNLTD_01_08_2016-EX-1.3-AGENCY AGREEMENT1,/data/source/personal/awesome-ai-engineer/project/data/raw/cuad/CUAD_v1/CUAD_v1/full_contract_txt/OLDAPIWIND-DOWNLTD_01_08_2016-EX-1.3-AGENCY AGREEMENT1.txt,97877,15513,24470,73,False
cuad,OLDAPIWIND-DOWNLTD_01_08_2016-EX-1.3-AGENCY AGREEMENT2.txt,OLDAPIWIND-DOWNLTD_01_08_2016-EX-1.3-AGENCY AGREEMENT2,/data/source/personal/awesome-ai-engineer/project/data/raw/cuad/CUAD_v1/CUAD_v1/full_contract_txt/OLDAPIWIND-DOWNLTD_01_08_2016-EX-1.3-AGENCY AGREEMENT2.txt,3878,625,970,5,False
cuad,"OMINTO,INC_03_29_2004-EX-10-RESELLER AGREEMENT.txt","OMINTO,INC_03_29_2004-EX-10-RESELLER AGREEMENT","/data/source/personal/awesome-ai-engineer/project/data/raw/cuad/CUAD_v1/CUAD_v1/full_contract_txt/OMINTO,INC_03_29_2004-EX-10-RESELLER AGREEMENT.txt",26489,3979,6623,271,False
cuad,"ON2TECHNOLOGIES,INC_11_17_2006-EX-10.3-SUPPORT AND MAINTENANCE AGREEMENT.txt","ON2TECHNOLOGIES,INC_11_17_2006-EX-10.3-SUPPORT AND MAINTENANCE AGREEMENT","/data/source/personal/awesome-ai-engineer/project/data/raw/cuad/CUAD_v1/CUAD_v1/full_contract_txt/ON2TECHNOLOGIES,INC_11_17_2006-EX-10.3-SUPPORT AND MAINTENANCE AGREEMENT.txt",55736,8801,13934,489,False
cuad,ON4COMMUNICATIONSINC_07_02_2009-EX-10.1-PROMOTION AGREEMENT.txt,ON4COMMUNICATIONSINC_07_02_2009-EX-10.1-PROMOTION AGREEMENT,/data/source/personal/awesome-ai-engineer/project/data/raw/cuad/CUAD_v1/CUAD_v1/full_contract_txt/ON4COMMUNICATIONSINC_07_02_2009-EX-10.1-PROMOTION AGREEMENT.txt,14851,2329,3713,101,False
cuad,"ONEMAINHOLDINGS,INC_02_20_2020-EX-99.D-JOINT FILING AGREEMENT.txt","ONEMAINHOLDINGS,INC_02_20_2020-EX-99.D-JOINT FILING AGREEMENT","/data/source/personal/awesome-ai-engineer/project/data/raw/cuad/CUAD_v1/CUAD_v1/full_contract_txt/ONEMAINHOLDINGS,INC_02_20_2020-EX-99.D-JOINT FILING AGREEMENT.txt",5859,944,1465,137,False
cuad,OPERALTD_04_30_2020-EX-4.14-SERVICE AGREEMENT.txt,OPERALTD_04_30_2020-EX-4.14-SERVICE AGREEMENT,/data/source/personal/awesome-ai-engineer/project/data/raw/cuad/CUAD_v1/CUAD_v1/full_contract_txt/OPERALTD_04_30_2020-EX-4.14-SERVICE AGREEMENT.txt,20959,3322,5240,13,False
cuad,"OPTIMIZEDTRANSPORTATIONMANAGEMENT,INC_07_26_2000-EX-6.6-DISTRIBUTOR AGREEMENT.txt","OPTIMIZEDTRANSPORTATIONMANAGEMENT,INC_07_26_2000-EX-6.6-DISTRIBUTOR AGREEMENT","/data/source/personal/awesome-ai-engineer/project/data/raw/cuad/CUAD_v1/CUAD_v1/full_contract_txt/OPTIMIZEDTRANSPORTATIONMANAGEMENT,INC_07_26_2000-EX-6.6-DISTRIBUTOR AGREEMENT.txt",9025,1357,2257,89,False
cuad,ORBSATCORP_08_17_2007-EX-7.3-STRATEGIC ALLIANCE AGREEMENT.txt,ORBSATCORP_08_17_2007-EX-7.3-STRATEGIC ALLIANCE AGREEMENT,/data/source/personal/awesome-ai-engineer/project/data/raw/cuad/CUAD_v1/CUAD_v1/full_contract_txt/ORBSATCORP_08_17_2007-EX-7.3-STRATEGIC ALLIANCE AGREEMENT.txt,18312,2898,4578,173,False
cuad,"OTISWORLDWIDECORP_04_03_2020-EX-10.4-INTELLECTUAL PROPERTY AGREEMENT by and among UNITED TECHNOLOGIES CORPORATION, OTIS WORLDWIDE CORPORATION and CARRIER ~1.txt","OTISWORLDWIDECORP_04_03_2020-EX-10.4-INTELLECTUAL PROPERTY AGREEMENT by and among UNITED TECHNOLOGIES CORPORATION, OTIS WORLDWIDE CORPORATION and CARRIER ~1","/data/source/personal/awesome-ai-engineer/project/data/raw/cuad/CUAD_v1/CUAD_v1/full_contract_txt/OTISWORLDWIDECORP_04_03_2020-EX-10.4-INTELLECTUAL PROPERTY AGREEMENT by and among UNITED TECHNOLOGIES CORPORATION, OTIS WORLDWIDE CORPORATION and CARRIER ~1.txt",62108,9668,15527,145,False
cuad,PACIFICSYSTEMSCONTROLTECHNOLOGYINC_08_24_2000-EX-10.53-SPONSORSHIP AGREEMENT.txt,PACIFICSYSTEMSCONTROLTECHNOLOGYINC_08_24_2000-EX-10.53-SPONSORSHIP AGREEMENT,/data/source/personal/awesome-ai-engineer/project/data/raw/cuad/CUAD_v1/CUAD_v1/full_contract_txt/PACIFICSYSTEMSCONTROLTECHNOLOGYINC_08_24_2000-EX-10.53-SPONSORSHIP AGREEMENT.txt,3975,675,994,37,False
cuad,"PACIRA PHARMACEUTICALS, INC. - A_R STRATEGIC LICENSING, DISTRIBUTION AND MARKETING AGREEMENT .txt","PACIRA PHARMACEUTICALS, INC. - A_R STRATEGIC LICENSING, DISTRIBUTION AND MARKETING AGREEMENT ","/data/source/personal/awesome-ai-engineer/project/data/raw/cuad/CUAD_v1/CUAD_v1/full_contract_txt/PACIRA PHARMACEUTICALS, INC. - A_R STRATEGIC LICENSING, DISTRIBUTION AND MARKETING AGREEMENT .txt",142048,22302,35512,1003,False
cuad,PANDIONTHERAPEUTICSHOLDCOLLC_05_22_2020-EX-10.17-CONSULTING AGREEMENT.txt,PANDIONTHERAPEUTICSHOLDCOLLC_05_22_2020-EX-10.17-CONSULTING AGREEMENT,/data/source/personal/awesome-ai-engineer/project/data/raw/cuad/CUAD_v1/CUAD_v1/full_contract_txt/PANDIONTHERAPEUTICSHOLDCOLLC_05_22_2020-EX-10.17-CONSULTING AGREEMENT.txt,22698,3515,5675,121,False
cuad,"PAXMEDICA,INC_07_02_2020-EX-10.12-Master Service Agreement.txt","PAXMEDICA,INC_07_02_2020-EX-10.12-Master Service Agreement","/data/source/personal/awesome-ai-engineer/project/data/raw/cuad/CUAD_v1/CUAD_v1/full_contract_txt/PAXMEDICA,INC_07_02_2020-EX-10.12-Master Service Agreement.txt",16768,2675,4192,15,False
cuad,PFSFUNDS_06_26_2020-EX-99.H OTH MAT CONT-SERVICES AGREEMENT.txt,PFSFUNDS_06_26_2020-EX-99.H OTH MAT CONT-SERVICES AGREEMENT,/data/source/personal/awesome-ai-engineer/project/data/raw/cuad/CUAD_v1/CUAD_v1/full_contract_txt/PFSFUNDS_06_26_2020-EX-99.H OTH MAT CONT-SERVICES AGREEMENT.txt,15044,2435,3761,55,False
cuad,PHLVARIABLEINSURANCECOCT_08_17_2009-EX-10.1-STRATEGIC ALLIANCE AGREEMENT.txt,PHLVARIABLEINSURANCECOCT_08_17_2009-EX-10.1-STRATEGIC ALLIANCE AGREEMENT,/data/source/personal/awesome-ai-engineer/project/data/raw/cuad/CUAD_v1/CUAD_v1/full_contract_txt/PHLVARIABLEINSURANCECOCT_08_17_2009-EX-10.1-STRATEGIC ALLIANCE AGREEMENT.txt,98876,15645,24719,761,False
cuad,"PHREESIA,INC_05_28_2019-EX-10.18-STRATEGIC ALLIANCE AGREEMENT.txt","PHREESIA,INC_05_28_2019-EX-10.18-STRATEGIC ALLIANCE AGREEMENT","/data/source/personal/awesome-ai-engineer/project/data/raw/cuad/CUAD_v1/CUAD_v1/full_contract_txt/PHREESIA,INC_05_28_2019-EX-10.18-STRATEGIC ALLIANCE AGREEMENT.txt",119998,17540,30000,735,False
cuad,PLAYAHOTELS_RESORTSNV_03_14_2017-EX-10.22-STRATEGIC ALLIANCE AGREEMENT (Hyatt Ziva Cancun).txt,PLAYAHOTELS_RESORTSNV_03_14_2017-EX-10.22-STRATEGIC ALLIANCE AGREEMENT (Hyatt Ziva Cancun),/data/source/personal/awesome-ai-engineer/project/data/raw/cuad/CUAD_v1/CUAD_v1/full_contract_txt/PLAYAHOTELS_RESORTSNV_03_14_2017-EX-10.22-STRATEGIC ALLIANCE AGREEMENT (Hyatt Ziva Cancun).txt,22168,3532,5542,111,False
cuad,"PRECIGEN,INC_01_22_2020-EX-99.1-JOINT FILING AGREEMENT.txt","PRECIGEN,INC_01_22_2020-EX-99.1-JOINT FILING AGREEMENT","/data/source/personal/awesome-ai-engineer/project/data/raw/cuad/CUAD_v1/CUAD_v1/full_contract_txt/PRECIGEN,INC_01_22_2020-EX-99.1-JOINT FILING AGREEMENT.txt",972,145,243,1,False
cuad,PREMIERBIOMEDICALINC_05_14_2020-EX-10.2-INTELLECTUAL PROPERTY AGREEMENT.txt,PREMIERBIOMEDICALINC_05_14_2020-EX-10.2-INTELLECTUAL PROPERTY AGREEMENT,/data/source/personal/awesome-ai-engineer/project/data/raw/cuad/CUAD_v1/CUAD_v1/full_contract_txt/PREMIERBIOMEDICALINC_05_14_2020-EX-10.2-INTELLECTUAL PROPERTY AGREEMENT.txt,22737,3592,5685,15,False
cuad,PRIMEENERGYRESOURCESCORP_04_02_2007-EX-10.28-COMPLETION AND LIQUIDITY MAINTENANCE AGREEMENT.txt,PRIMEENERGYRESOURCESCORP_04_02_2007-EX-10.28-COMPLETION AND LIQUIDITY MAINTENANCE AGREEMENT,/data/source/personal/awesome-ai-engineer/project/data/raw/cuad/CUAD_v1/CUAD_v1/full_contract_txt/PRIMEENERGYRESOURCESCORP_04_02_2007-EX-10.28-COMPLETION AND LIQUIDITY MAINTENANCE AGREEMENT.txt,4989,738,1248,49,False
cuad,PROFOUNDMEDICALCORP_08_29_2019-EX-4.5-SUPPLY AGREEMENT.txt,PROFOUNDMEDICALCORP_08_29_2019-EX-4.5-SUPPLY AGREEMENT,/data/source/personal/awesome-ai-engineer/project/data/raw/cuad/CUAD_v1/CUAD_v1/full_contract_txt/PROFOUNDMEDICALCORP_08_29_2019-EX-4.5-SUPPLY AGREEMENT.txt,66333,10042,16584,103,False
cuad,PROLONGINTERNATIONALCORP_03_23_1998-EX-10.16-SPONSORSHIP AGREEMENT.txt,PROLONGINTERNATIONALCORP_03_23_1998-EX-10.16-SPONSORSHIP AGREEMENT,/data/source/personal/awesome-ai-engineer/project/data/raw/cuad/CUAD_v1/CUAD_v1/full_contract_txt/PROLONGINTERNATIONALCORP_03_23_1998-EX-10.16-SPONSORSHIP AGREEMENT.txt,13901,2096,3476,103,False
cuad,PacificapEntertainmentHoldingsInc_20051115_8-KA_EX-1.01_4300894_EX-1.01_Content License Agreement.txt,PacificapEntertainmentHoldingsInc_20051115_8-KA_EX-1.01_4300894_EX-1.01_Content License Agreement,/data/source/personal/awesome-ai-engineer/project/data/raw/cuad/CUAD_v1/CUAD_v1/full_contract_txt/PacificapEntertainmentHoldingsInc_20051115_8-KA_EX-1.01_4300894_EX-1.01_Content License Agreement.txt,18095,2497,4524,175,False
cuad,PalmerSquareCapitalBdcInc_20200116_10-12GA_EX-10.6_11949289_EX-10.6_Trademark License Agreement.txt,PalmerSquareCapitalBdcInc_20200116_10-12GA_EX-10.6_11949289_EX-10.6_Trademark License Agreement,/data/source/personal/awesome-ai-engineer/project/data/raw/cuad/CUAD_v1/CUAD_v1/full_contract_txt/PalmerSquareCapitalBdcInc_20200116_10-12GA_EX-10.6_11949289_EX-10.6_Trademark License Agreement.txt,14744,2294,3686,31,False
cuad,PapaJohnsInternationalInc_20190617_8-K_EX-10.1_11707365_EX-10.1_Endorsement Agreement.txt,PapaJohnsInternationalInc_20190617_8-K_EX-10.1_11707365_EX-10.1_Endorsement Agreement,/data/source/personal/awesome-ai-engineer/project/data/raw/cuad/CUAD_v1/CUAD_v1/full_contract_txt/PapaJohnsInternationalInc_20190617_8-K_EX-10.1_11707365_EX-10.1_Endorsement Agreement.txt,68102,10653,17026,325,False
cuad,PaperexchangeComInc_20000322_S-1A_EX-10.4_5202103_EX-10.4_Co-Branding Agreement.txt,PaperexchangeComInc_20000322_S-1A_EX-10.4_5202103_EX-10.4_Co-Branding Agreement,/data/source/personal/awesome-ai-engineer/project/data/raw/cuad/CUAD_v1/CUAD_v1/full_contract_txt/PaperexchangeComInc_20000322_S-1A_EX-10.4_5202103_EX-10.4_Co-Branding Agreement.txt,86716,12276,21679,929,False
cuad,ParatekPharmaceuticalsInc_20170505_10-KA_EX-10.29_10323872_EX-10.29_Outsourcing Agreement.txt,ParatekPharmaceuticalsInc_20170505_10-KA_EX-10.29_10323872_EX-10.29_Outsourcing Agreement,/data/source/personal/awesome-ai-engineer/project/data/raw/cuad/CUAD_v1/CUAD_v1/full_contract_txt/ParatekPharmaceuticalsInc_20170505_10-KA_EX-10.29_10323872_EX-10.29_Outsourcing Agreement.txt,114095,17167,28524,1215,False
cuad,PareteumCorp_20081001_8-K_EX-99.1_2654808_EX-99.1_Hosting Agreement.txt,PareteumCorp_20081001_8-K_EX-99.1_2654808_EX-99.1_Hosting Agreement,/data/source/personal/awesome-ai-engineer/project/data/raw/cuad/CUAD_v1/CUAD_v1/full_contract_txt/PareteumCorp_20081001_8-K_EX-99.1_2654808_EX-99.1_Hosting Agreement.txt,65661,10014,16416,453,False
cuad,PcquoteComInc_19990721_S-1A_EX-10.11_6377149_EX-10.11_Co-Branding Agreement1.txt,PcquoteComInc_19990721_S-1A_EX-10.11_6377149_EX-10.11_Co-Branding Agreement1,/data/source/personal/awesome-ai-engineer/project/data/raw/cuad/CUAD_v1/CUAD_v1/full_contract_txt/PcquoteComInc_19990721_S-1A_EX-10.11_6377149_EX-10.11_Co-Branding Agreement1.txt,19169,3010,4793,189,False
cuad,PcquoteComInc_19990721_S-1A_EX-10.11_6377149_EX-10.11_Co-Branding Agreement2.txt,PcquoteComInc_19990721_S-1A_EX-10.11_6377149_EX-10.11_Co-Branding Agreement2,/data/source/personal/awesome-ai-engineer/project/data/raw/cuad/CUAD_v1/CUAD_v1/full_contract_txt/PcquoteComInc_19990721_S-1A_EX-10.11_6377149_EX-10.11_Co-Branding Agreement2.txt,845,117,212,15,False
cuad,PcquoteComInc_19990721_S-1A_EX-10.11_6377149_EX-10.11_Co-Branding Agreement3.txt,PcquoteComInc_19990721_S-1A_EX-10.11_6377149_EX-10.11_Co-Branding Agreement3,/data/source/personal/awesome-ai-engineer/project/data/raw/cuad/CUAD_v1/CUAD_v1/full_contract_txt/PcquoteComInc_19990721_S-1A_EX-10.11_6377149_EX-10.11_Co-Branding Agreement3.txt,2548,387,637,41,False
cuad,PelicanDeliversInc_20200211_S-1_EX-10.3_11975895_EX-10.3_Development Agreement1.txt,PelicanDeliversInc_20200211_S-1_EX-10.3_11975895_EX-10.3_Development Agreement1,/data/source/personal/awesome-ai-engineer/project/data/raw/cuad/CUAD_v1/CUAD_v1/full_contract_txt/PelicanDeliversInc_20200211_S-1_EX-10.3_11975895_EX-10.3_Development Agreement1.txt,16548,2691,4137,81,False
cuad,PelicanDeliversInc_20200211_S-1_EX-10.3_11975895_EX-10.3_Development Agreement2.txt,PelicanDeliversInc_20200211_S-1_EX-10.3_11975895_EX-10.3_Development Agreement2,/data/source/personal/awesome-ai-engineer/project/data/raw/cuad/CUAD_v1/CUAD_v1/full_contract_txt/PelicanDeliversInc_20200211_S-1_EX-10.3_11975895_EX-10.3_Development Agreement2.txt,32037,4866,8010,109,False
cuad,PenntexMidstreamPartnersLp_20150416_S-1A_EX-10.4_9042833_EX-10.4_Transportation Agreement.txt,PenntexMidstreamPartnersLp_20150416_S-1A_EX-10.4_9042833_EX-10.4_Transportation Agreement,/data/source/personal/awesome-ai-engineer/project/data/raw/cuad/CUAD_v1/CUAD_v1/full_contract_txt/PenntexMidstreamPartnersLp_20150416_S-1A_EX-10.4_9042833_EX-10.4_Transportation Agreement.txt,51840,7949,12960,395,False
cuad,PerformanceSportsBrandsInc_20110909_S-1_EX-10.10_7220214_EX-10.10_Endorsement Agreement.txt,PerformanceSportsBrandsInc_20110909_S-1_EX-10.10_7220214_EX-10.10_Endorsement Agreement,/data/source/personal/awesome-ai-engineer/project/data/raw/cuad/CUAD_v1/CUAD_v1/full_contract_txt/PerformanceSportsBrandsInc_20110909_S-1_EX-10.10_7220214_EX-10.10_Endorsement Agreement.txt,26457,4109,6615,191,False
cuad,PfHospitalityGroupInc_20150923_10-12G_EX-10.1_9266710_EX-10.1_Franchise Agreement1.txt,PfHospitalityGroupInc_20150923_10-12G_EX-10.1_9266710_EX-10.1_Franchise Agreement1,/data/source/personal/awesome-ai-engineer/project/data/raw/cuad/CUAD_v1/CUAD_v1/full_contract_txt/PfHospitalityGroupInc_20150923_10-12G_EX-10.1_9266710_EX-10.1_Franchise Agreement1.txt,152485,24373,38122,171,False
cuad,PfHospitalityGroupInc_20150923_10-12G_EX-10.1_9266710_EX-10.1_Franchise Agreement3.txt,PfHospitalityGroupInc_20150923_10-12G_EX-10.1_9266710_EX-10.1_Franchise Agreement3,/data/source/personal/awesome-ai-engineer/project/data/raw/cuad/CUAD_v1/CUAD_v1/full_contract_txt/PfHospitalityGroupInc_20150923_10-12G_EX-10.1_9266710_EX-10.1_Franchise Agreement3.txt,6761,1010,1691,11,False
cuad,PharmagenInc_20120803_8-KA_EX-10.1_7693204_EX-10.1_Endorsement Agreement.txt,PharmagenInc_20120803_8-KA_EX-10.1_7693204_EX-10.1_Endorsement Agreement,/data/source/personal/awesome-ai-engineer/project/data/raw/cuad/CUAD_v1/CUAD_v1/full_contract_txt/PharmagenInc_20120803_8-KA_EX-10.1_7693204_EX-10.1_Endorsement Agreement.txt,17490,2775,4373,27,False
cuad,PhasebioPharmaceuticalsInc_20200330_10-K_EX-10.21_12086810_EX-10.21_Development Agreement.txt,PhasebioPharmaceuticalsInc_20200330_10-K_EX-10.21_12086810_EX-10.21_Development Agreement,/data/source/personal/awesome-ai-engineer/project/data/raw/cuad/CUAD_v1/CUAD_v1/full_contract_txt/PhasebioPharmaceuticalsInc_20200330_10-K_EX-10.21_12086810_EX-10.21_Development Agreement.txt,291492,45411,72873,1781,False
cuad,PhoenixNewMediaLtd_20110421_F-1_EX-10.17_6958322_EX-10.17_Content License Agreement.txt,PhoenixNewMediaLtd_20110421_F-1_EX-10.17_6958322_EX-10.17_Content License Agreement,/data/source/personal/awesome-ai-engineer/project/data/raw/cuad/CUAD_v1/CUAD_v1/full_contract_txt/PhoenixNewMediaLtd_20110421_F-1_EX-10.17_6958322_EX-10.17_Content License Agreement.txt,24268,3900,6067,67,False
cuad,PhotronicsInc_20171219_10-QA_EX-10.28_10982650_EX-10.28_Outsourcing Agreement.txt,PhotronicsInc_20171219_10-QA_EX-10.28_10982650_EX-10.28_Outsourcing Agreement,/data/source/personal/awesome-ai-engineer/project/data/raw/cuad/CUAD_v1/CUAD_v1/full_contract_txt/PhotronicsInc_20171219_10-QA_EX-10.28_10982650_EX-10.28_Outsourcing Agreement.txt,25228,3862,6307,191,False
cuad,PlayboyEnterprisesInc_20090220_10-QA_EX-10.2_4091580_EX-10.2_Content License Agreement_ Marketing Agreement_ Sales-Purchase Agreement1.txt,PlayboyEnterprisesInc_20090220_10-QA_EX-10.2_4091580_EX-10.2_Content License Agreement_ Marketing Agreement_ Sales-Purchase Agreement1,/data/source/personal/awesome-ai-engineer/project/data/raw/cuad/CUAD_v1/CUAD_v1/full_contract_txt/PlayboyEnterprisesInc_20090220_10-QA_EX-10.2_4091580_EX-10.2_Content License Agreement_ Marketing Agreement_ Sales-Purchase Agreement1.txt,115250,17890,28813,295,False
cuad,PlayboyEnterprisesInc_20090220_10-QA_EX-10.2_4091580_EX-10.2_Content License Agreement_ Marketing Agreement_ Sales-Purchase Agreement2.txt,PlayboyEnterprisesInc_20090220_10-QA_EX-10.2_4091580_EX-10.2_Content License Agreement_ Marketing Agreement_ Sales-Purchase Agreement2,/data/source/personal/awesome-ai-engineer/project/data/raw/cuad/CUAD_v1/CUAD_v1/full_contract_txt/PlayboyEnterprisesInc_20090220_10-QA_EX-10.2_4091580_EX-10.2_Content License Agreement_ Marketing Agreement_ Sales-Purchase Agreement2.txt,3502,525,876,25,False
cuad,PrecheckHealthServicesInc_20200320_8-K_EX-99.2_12070169_EX-99.2_Distributor Agreement.txt,PrecheckHealthServicesInc_20200320_8-K_EX-99.2_12070169_EX-99.2_Distributor Agreement,/data/source/personal/awesome-ai-engineer/project/data/raw/cuad/CUAD_v1/CUAD_v1/full_contract_txt/PrecheckHealthServicesInc_20200320_8-K_EX-99.2_12070169_EX-99.2_Distributor Agreement.txt,6300,969,1575,19,False
cuad,Principal Life Insurance Company - Broker Dealer Marketing and Servicing Agreement.txt,Principal Life Insurance Company - Broker Dealer Marketing and Servicing Agreement,/data/source/personal/awesome-ai-engineer/project/data/raw/cuad/CUAD_v1/CUAD_v1/full_contract_txt/Principal Life Insurance Company - Broker Dealer Marketing and Servicing Agreement.txt,28705,4349,7177,37,False
cuad,PrudentialBancorpInc_20170606_8-K_EX-10.4_10474434_EX-10.4_Endorsement Agreement.txt,PrudentialBancorpInc_20170606_8-K_EX-10.4_10474434_EX-10.4_Endorsement Agreement,/data/source/personal/awesome-ai-engineer/project/data/raw/cuad/CUAD_v1/CUAD_v1/full_contract_txt/PrudentialBancorpInc_20170606_8-K_EX-10.4_10474434_EX-10.4_Endorsement Agreement.txt,14105,2264,3527,153,False
cuad,QBIOMEDINC_04_08_2020-EX-99.1-JOINT FILING AGREEMENT.txt,QBIOMEDINC_04_08_2020-EX-99.1-JOINT FILING AGREEMENT,/data/source/personal/awesome-ai-engineer/project/data/raw/cuad/CUAD_v1/CUAD_v1/full_contract_txt/QBIOMEDINC_04_08_2020-EX-99.1-JOINT FILING AGREEMENT.txt,2724,429,681,5,False
cuad,QIWI_06_16_2017-EX-99.(D)(2)-COOPERATION AGREEMENT.txt,QIWI_06_16_2017-EX-99.(D)(2)-COOPERATION AGREEMENT,/data/source/personal/awesome-ai-engineer/project/data/raw/cuad/CUAD_v1/CUAD_v1/full_contract_txt/QIWI_06_16_2017-EX-99.(D)(2)-COOPERATION AGREEMENT.txt,26082,4161,6521,293,False
cuad,Quaker Chemical Corporation - NON COMPETITION AND NON SOLICITATION AGREEMENT.txt,Quaker Chemical Corporation - NON COMPETITION AND NON SOLICITATION AGREEMENT,/data/source/personal/awesome-ai-engineer/project/data/raw/cuad/CUAD_v1/CUAD_v1/full_contract_txt/Quaker Chemical Corporation - NON COMPETITION AND NON SOLICITATION AGREEMENT.txt,22652,3487,5663,39,False
cuad,QuantumGroupIncFl_20090120_8-K_EX-99.2_3672910_EX-99.2_Hosting Agreement.txt,QuantumGroupIncFl_20090120_8-K_EX-99.2_3672910_EX-99.2_Hosting Agreement,/data/source/personal/awesome-ai-engineer/project/data/raw/cuad/CUAD_v1/CUAD_v1/full_contract_txt/QuantumGroupIncFl_20090120_8-K_EX-99.2_3672910_EX-99.2_Hosting Agreement.txt,115877,17317,28970,491,False
cuad,REGANHOLDINGCORP_03_31_2008-EX-10-LICENSE AND HOSTING AGREEMENT.txt,REGANHOLDINGCORP_03_31_2008-EX-10-LICENSE AND HOSTING AGREEMENT,/data/source/personal/awesome-ai-engineer/project/data/raw/cuad/CUAD_v1/CUAD_v1/full_contract_txt/REGANHOLDINGCORP_03_31_2008-EX-10-LICENSE AND HOSTING AGREEMENT.txt,55782,8822,13946,311,False
cuad,REWALKROBOTICSLTD_07_10_2014-EX-10.2-STRATEGIC ALLIANCE AGREEMENT.txt,REWALKROBOTICSLTD_07_10_2014-EX-10.2-STRATEGIC ALLIANCE AGREEMENT,/data/source/personal/awesome-ai-engineer/project/data/raw/cuad/CUAD_v1/CUAD_v1/full_contract_txt/REWALKROBOTICSLTD_07_10_2014-EX-10.2-STRATEGIC ALLIANCE AGREEMENT.txt,14881,2320,3721,127,False
cuad,RISEEDUCATIONCAYMANLTD_04_17_2020-EX-4.23-SERVICE AGREEMENT.txt,RISEEDUCATIONCAYMANLTD_04_17_2020-EX-4.23-SERVICE AGREEMENT,/data/source/personal/awesome-ai-engineer/project/data/raw/cuad/CUAD_v1/CUAD_v1/full_contract_txt/RISEEDUCATIONCAYMANLTD_04_17_2020-EX-4.23-SERVICE AGREEMENT.txt,16340,2380,4085,129,False
cuad,RMRGROUPINC_01_22_2020-EX-99.1-JOINT FILING AGREEMENT.txt,RMRGROUPINC_01_22_2020-EX-99.1-JOINT FILING AGREEMENT,/data/source/personal/awesome-ai-engineer/project/data/raw/cuad/CUAD_v1/CUAD_v1/full_contract_txt/RMRGROUPINC_01_22_2020-EX-99.1-JOINT FILING AGREEMENT.txt,645,109,162,1,False
cuad,"ROCKYMOUNTAINCHOCOLATEFACTORY,INC_12_23_2019-EX-10.2-STRATEGIC ALLIANCE AGREEMENT.txt","ROCKYMOUNTAINCHOCOLATEFACTORY,INC_12_23_2019-EX-10.2-STRATEGIC ALLIANCE AGREEMENT","/data/source/personal/awesome-ai-engineer/project/data/raw/cuad/CUAD_v1/CUAD_v1/full_contract_txt/ROCKYMOUNTAINCHOCOLATEFACTORY,INC_12_23_2019-EX-10.2-STRATEGIC ALLIANCE AGREEMENT.txt",120959,19408,30240,79,False
cuad,RUBIOSRESTAURANTSINC_03_31_2008-EX-10.75-SPONSORSHIP AGREEMENT.txt,RUBIOSRESTAURANTSINC_03_31_2008-EX-10.75-SPONSORSHIP AGREEMENT,/data/source/personal/awesome-ai-engineer/project/data/raw/cuad/CUAD_v1/CUAD_v1/full_contract_txt/RUBIOSRESTAURANTSINC_03_31_2008-EX-10.75-SPONSORSHIP AGREEMENT.txt,36556,5721,9139,49,False
cuad,RaeSystemsInc_20001114_10-Q_EX-10.57_2631790_EX-10.57_Co-Branding Agreement.txt,RaeSystemsInc_20001114_10-Q_EX-10.57_2631790_EX-10.57_Co-Branding Agreement,/data/source/personal/awesome-ai-engineer/project/data/raw/cuad/CUAD_v1/CUAD_v1/full_contract_txt/RaeSystemsInc_20001114_10-Q_EX-10.57_2631790_EX-10.57_Co-Branding Agreement.txt,38294,5522,9574,281,False
cuad,RandWorldwideInc_20010402_8-KA_EX-10.2_2102464_EX-10.2_Co-Branding Agreement.txt,RandWorldwideInc_20010402_8-KA_EX-10.2_2102464_EX-10.2_Co-Branding Agreement,/data/source/personal/awesome-ai-engineer/project/data/raw/cuad/CUAD_v1/CUAD_v1/full_contract_txt/RandWorldwideInc_20010402_8-KA_EX-10.2_2102464_EX-10.2_Co-Branding Agreement.txt,43810,6702,10953,343,False
cuad,RangeResourcesLouisianaInc_20150417_8-K_EX-10.5_9045501_EX-10.5_Transportation Agreement.txt,RangeResourcesLouisianaInc_20150417_8-K_EX-10.5_9045501_EX-10.5_Transportation Agreement,/data/source/personal/awesome-ai-engineer/project/data/raw/cuad/CUAD_v1/CUAD_v1/full_contract_txt/RangeResourcesLouisianaInc_20150417_8-K_EX-10.5_9045501_EX-10.5_Transportation Agreement.txt,99694,15589,24924,823,False
cuad,RareElementResourcesLtd_20171019_SC 13D_EX-99.4_10897534_EX-99.4_Intellectual Property Agreement.txt,RareElementResourcesLtd_20171019_SC 13D_EX-99.4_10897534_EX-99.4_Intellectual Property Agreement,/data/source/personal/awesome-ai-engineer/project/data/raw/cuad/CUAD_v1/CUAD_v1/full_contract_txt/RareElementResourcesLtd_20171019_SC 13D_EX-99.4_10897534_EX-99.4_Intellectual Property Agreement.txt,34144,5407,8536,127,False
cuad,ReedsInc_20191113_10-Q_EX-10.4_11888303_EX-10.4_Development Agreement.txt,ReedsInc_20191113_10-Q_EX-10.4_11888303_EX-10.4_Development Agreement,/data/source/personal/awesome-ai-engineer/project/data/raw/cuad/CUAD_v1/CUAD_v1/full_contract_txt/ReedsInc_20191113_10-Q_EX-10.4_11888303_EX-10.4_Development Agreement.txt,28291,4292,7073,41,False
cuad,"Reinsurance Group of America, Incorporated - A_R REMARKETING  AGREEMENT.txt","Reinsurance Group of America, Incorporated - A_R REMARKETING  AGREEMENT","/data/source/personal/awesome-ai-engineer/project/data/raw/cuad/CUAD_v1/CUAD_v1/full_contract_txt/Reinsurance Group of America, Incorporated - A_R REMARKETING  AGREEMENT.txt",101056,16058,25264,447,False
cuad,RemarkHoldingsInc_20081114_10-Q_EX-10.24_2895649_EX-10.24_Content License Agreement.txt,RemarkHoldingsInc_20081114_10-Q_EX-10.24_2895649_EX-10.24_Content License Agreement,/data/source/personal/awesome-ai-engineer/project/data/raw/cuad/CUAD_v1/CUAD_v1/full_contract_txt/RemarkHoldingsInc_20081114_10-Q_EX-10.24_2895649_EX-10.24_Content License Agreement.txt,58456,9020,14614,147,False
cuad,RevolutionMedicinesInc_20200117_S-1_EX-10.1_11948417_EX-10.1_Development Agreement.txt,RevolutionMedicinesInc_20200117_S-1_EX-10.1_11948417_EX-10.1_Development Agreement,/data/source/personal/awesome-ai-engineer/project/data/raw/cuad/CUAD_v1/CUAD_v1/full_contract_txt/RevolutionMedicinesInc_20200117_S-1_EX-10.1_11948417_EX-10.1_Development Agreement.txt,265877,40482,66470,1411,False
cuad,ReynoldsConsumerProductsInc_20191115_S-1_EX-10.18_11896469_EX-10.18_Supply Agreement.txt,ReynoldsConsumerProductsInc_20191115_S-1_EX-10.18_11896469_EX-10.18_Supply Agreement,/data/source/personal/awesome-ai-engineer/project/data/raw/cuad/CUAD_v1/CUAD_v1/full_contract_txt/ReynoldsConsumerProductsInc_20191115_S-1_EX-10.18_11896469_EX-10.18_Supply Agreement.txt,61650,9599,15413,123,False
cuad,ReynoldsConsumerProductsInc_20200121_S-1A_EX-10.22_11948918_EX-10.22_Service Agreement.txt,ReynoldsConsumerProductsInc_20200121_S-1A_EX-10.22_11948918_EX-10.22_Service Agreement,/data/source/personal/awesome-ai-engineer/project/data/raw/cuad/CUAD_v1/CUAD_v1/full_contract_txt/ReynoldsConsumerProductsInc_20200121_S-1A_EX-10.22_11948918_EX-10.22_Service Agreement.txt,112706,16949,28177,785,False
cuad,RgcResourcesInc_20151216_8-K_EX-10.3_9372751_EX-10.3_Franchise Agreement.txt,RgcResourcesInc_20151216_8-K_EX-10.3_9372751_EX-10.3_Franchise Agreement,/data/source/personal/awesome-ai-engineer/project/data/raw/cuad/CUAD_v1/CUAD_v1/full_contract_txt/RgcResourcesInc_20151216_8-K_EX-10.3_9372751_EX-10.3_Franchise Agreement.txt,5140,804,1285,63,False
cuad,RitterPharmaceuticalsInc_20200313_S-4A_EX-10.54_12055220_EX-10.54_Development Agreement.txt,RitterPharmaceuticalsInc_20200313_S-4A_EX-10.54_12055220_EX-10.54_Development Agreement,/data/source/personal/awesome-ai-engineer/project/data/raw/cuad/CUAD_v1/CUAD_v1/full_contract_txt/RitterPharmaceuticalsInc_20200313_S-4A_EX-10.54_12055220_EX-10.54_Development Agreement.txt,122504,18656,30626,231,False
cuad,SANDRIDGEENERGYINC_08_06_2009-EX-10.6-OPERATIONS AND MAINTENANCE AGREEMENT.txt,SANDRIDGEENERGYINC_08_06_2009-EX-10.6-OPERATIONS AND MAINTENANCE AGREEMENT,/data/source/personal/awesome-ai-engineer/project/data/raw/cuad/CUAD_v1/CUAD_v1/full_contract_txt/SANDRIDGEENERGYINC_08_06_2009-EX-10.6-OPERATIONS AND MAINTENANCE AGREEMENT.txt,71145,10958,17787,557,False
cuad,SCOUTCAMINC_05_12_2020-EX-10.22-SERVICES AGREEMENT.txt,SCOUTCAMINC_05_12_2020-EX-10.22-SERVICES AGREEMENT,/data/source/personal/awesome-ai-engineer/project/data/raw/cuad/CUAD_v1/CUAD_v1/full_contract_txt/SCOUTCAMINC_05_12_2020-EX-10.22-SERVICES AGREEMENT.txt,8307,1305,2077,5,False
cuad,SEASPINEHOLDINGSCORP_10_10_2018-EX-10.1-SUPPLY AGREEMENT.txt,SEASPINEHOLDINGSCORP_10_10_2018-EX-10.1-SUPPLY AGREEMENT,/data/source/personal/awesome-ai-engineer/project/data/raw/cuad/CUAD_v1/CUAD_v1/full_contract_txt/SEASPINEHOLDINGSCORP_10_10_2018-EX-10.1-SUPPLY AGREEMENT.txt,70806,10605,17702,355,False
cuad,SECURIANFUNDSTRUST_05_01_2012-EX-99.28.H.9-NET INVESTMENT INCOME MAINTENANCE AGREEMENT.txt,SECURIANFUNDSTRUST_05_01_2012-EX-99.28.H.9-NET INVESTMENT INCOME MAINTENANCE AGREEMENT,/data/source/personal/awesome-ai-engineer/project/data/raw/cuad/CUAD_v1/CUAD_v1/full_contract_txt/SECURIANFUNDSTRUST_05_01_2012-EX-99.28.H.9-NET INVESTMENT INCOME MAINTENANCE AGREEMENT.txt,9561,1537,2391,75,False
cuad,SENMIAOTECHNOLOGYLTD_02_19_2019-EX-10.5-Collaboration Agreement.txt,SENMIAOTECHNOLOGYLTD_02_19_2019-EX-10.5-Collaboration Agreement,/data/source/personal/awesome-ai-engineer/project/data/raw/cuad/CUAD_v1/CUAD_v1/full_contract_txt/SENMIAOTECHNOLOGYLTD_02_19_2019-EX-10.5-Collaboration Agreement.txt,73793,11866,18449,49,False
cuad,SEPARATEACCOUNTIIOFAGL_05_02_2011-EX-99.(J)(4)-UNCONDITIONAL CAPITAL MAINTENANCE AGREEMENT.txt,SEPARATEACCOUNTIIOFAGL_05_02_2011-EX-99.(J)(4)-UNCONDITIONAL CAPITAL MAINTENANCE AGREEMENT,/data/source/personal/awesome-ai-engineer/project/data/raw/cuad/CUAD_v1/CUAD_v1/full_contract_txt/SEPARATEACCOUNTIIOFAGL_05_02_2011-EX-99.(J)(4)-UNCONDITIONAL CAPITAL MAINTENANCE AGREEMENT.txt,17977,2841,4495,101,False
cuad,SFGFINANCIALCORP_05_12_2009-EX-10.1-SOFTWARE LICENSE AND MAINTENANCE AGREEMENT.txt,SFGFINANCIALCORP_05_12_2009-EX-10.1-SOFTWARE LICENSE AND MAINTENANCE AGREEMENT,/data/source/personal/awesome-ai-engineer/project/data/raw/cuad/CUAD_v1/CUAD_v1/full_contract_txt/SFGFINANCIALCORP_05_12_2009-EX-10.1-SOFTWARE LICENSE AND MAINTENANCE AGREEMENT.txt,50204,7741,12551,237,False
cuad,"SIBANNAC,INC_12_04_2017-EX-2.1-Strategic Alliance Agreement.txt","SIBANNAC,INC_12_04_2017-EX-2.1-Strategic Alliance Agreement","/data/source/personal/awesome-ai-engineer/project/data/raw/cuad/CUAD_v1/CUAD_v1/full_contract_txt/SIBANNAC,INC_12_04_2017-EX-2.1-Strategic Alliance Agreement.txt",8225,1233,2057,19,False
cuad,SLINGERBAGINC_05_27_2020-EX-10.7-CONSULTING AGREEMENT.txt,SLINGERBAGINC_05_27_2020-EX-10.7-CONSULTING AGREEMENT,/data/source/personal/awesome-ai-engineer/project/data/raw/cuad/CUAD_v1/CUAD_v1/full_contract_txt/SLINGERBAGINC_05_27_2020-EX-10.7-CONSULTING AGREEMENT.txt,33373,5339,8344,33,False
cuad,SLOVAKWIRELESSFINANCECOBV_03_28_2001-EX-4.(B)(II).3-Maintenance and support contract for SICAP(R) modules.txt,SLOVAKWIRELESSFINANCECOBV_03_28_2001-EX-4.(B)(II).3-Maintenance and support contract for SICAP(R) modules,/data/source/personal/awesome-ai-engineer/project/data/raw/cuad/CUAD_v1/CUAD_v1/full_contract_txt/SLOVAKWIRELESSFINANCECOBV_03_28_2001-EX-4.(B)(II).3-Maintenance and support contract for SICAP(R) modules.txt,24558,3259,6140,473,False
cuad,SMITHELECTRICVEHICLESCORP_04_04_2012-EX-10.26-FLEET MAINTENANCE AGREEMENT.txt,SMITHELECTRICVEHICLESCORP_04_04_2012-EX-10.26-FLEET MAINTENANCE AGREEMENT,/data/source/personal/awesome-ai-engineer/project/data/raw/cuad/CUAD_v1/CUAD_v1/full_contract_txt/SMITHELECTRICVEHICLESCORP_04_04_2012-EX-10.26-FLEET MAINTENANCE AGREEMENT.txt,82084,13153,20521,153,False
cuad,"SOLUTIONSVENDINGINTERNATIONAL,INC_03_31_2020-EX1A-1 UNDR AGMT-SERVICES AGREEMENT.txt","SOLUTIONSVENDINGINTERNATIONAL,INC_03_31_2020-EX1A-1 UNDR AGMT-SERVICES AGREEMENT","/data/source/personal/awesome-ai-engineer/project/data/raw/cuad/CUAD_v1/CUAD_v1/full_contract_txt/SOLUTIONSVENDINGINTERNATIONAL,INC_03_31_2020-EX1A-1 UNDR AGMT-SERVICES AGREEMENT.txt",7116,1122,1779,5,False
cuad,SONUSCORP_03_12_1997-EX-10.11-SPONSORSHIP AGREEMENT.txt,SONUSCORP_03_12_1997-EX-10.11-SPONSORSHIP AGREEMENT,/data/source/personal/awesome-ai-engineer/project/data/raw/cuad/CUAD_v1/CUAD_v1/full_contract_txt/SONUSCORP_03_12_1997-EX-10.11-SPONSORSHIP AGREEMENT.txt,24618,3863,6155,377,False
cuad,SPARKLINGSPRINGWATERHOLDINGSLTD_07_03_2002-EX-10.13-SOFTWARE LICENSE AND MAINTENANCE AGREEMENT.txt,SPARKLINGSPRINGWATERHOLDINGSLTD_07_03_2002-EX-10.13-SOFTWARE LICENSE AND MAINTENANCE AGREEMENT,/data/source/personal/awesome-ai-engineer/project/data/raw/cuad/CUAD_v1/CUAD_v1/full_contract_txt/SPARKLINGSPRINGWATERHOLDINGSLTD_07_03_2002-EX-10.13-SOFTWARE LICENSE AND MAINTENANCE AGREEMENT.txt,25076,3884,6269,311,False
cuad,SPHERE3DCORP_06_24_2020-EX-10.12-CONSULTING AGREEMENT.txt,SPHERE3DCORP_06_24_2020-EX-10.12-CONSULTING AGREEMENT,/data/source/personal/awesome-ai-engineer/project/data/raw/cuad/CUAD_v1/CUAD_v1/full_contract_txt/SPHERE3DCORP_06_24_2020-EX-10.12-CONSULTING AGREEMENT.txt,12382,1892,3096,95,False
cuad,"SPIENERGYCO,LTD_03_09_2011-EX-99.5-OPERATIONS AND MAINTENANCE AGREEMENT.txt","SPIENERGYCO,LTD_03_09_2011-EX-99.5-OPERATIONS AND MAINTENANCE AGREEMENT","/data/source/personal/awesome-ai-engineer/project/data/raw/cuad/CUAD_v1/CUAD_v1/full_contract_txt/SPIENERGYCO,LTD_03_09_2011-EX-99.5-OPERATIONS AND MAINTENANCE AGREEMENT.txt",53437,8139,13360,469,False
cuad,"SPIENERGYCO,LTD_07_10_2014-EX-10-Cooperation Agreement of 50MWp Photovoltaic Grid-connected Power Generation Project in Yangqiao of~1.txt","SPIENERGYCO,LTD_07_10_2014-EX-10-Cooperation Agreement of 50MWp Photovoltaic Grid-connected Power Generation Project in Yangqiao of~1","/data/source/personal/awesome-ai-engineer/project/data/raw/cuad/CUAD_v1/CUAD_v1/full_contract_txt/SPIENERGYCO,LTD_07_10_2014-EX-10-Cooperation Agreement of 50MWp Photovoltaic Grid-connected Power Generation Project in Yangqiao of~1.txt",2791,413,698,1,False
cuad,"SPOKHOLDINGS,INC_06_19_2020-EX-10.1-COOPERATION AGREEMENT.txt","SPOKHOLDINGS,INC_06_19_2020-EX-10.1-COOPERATION AGREEMENT","/data/source/personal/awesome-ai-engineer/project/data/raw/cuad/CUAD_v1/CUAD_v1/full_contract_txt/SPOKHOLDINGS,INC_06_19_2020-EX-10.1-COOPERATION AGREEMENT.txt",17690,2841,4423,71,False
cuad,SPORTHALEYINC_09_29_1997-EX-10.2-10-ENDORSEMENT AGREEMENT.txt,SPORTHALEYINC_09_29_1997-EX-10.2-10-ENDORSEMENT AGREEMENT,/data/source/personal/awesome-ai-engineer/project/data/raw/cuad/CUAD_v1/CUAD_v1/full_contract_txt/SPORTHALEYINC_09_29_1997-EX-10.2-10-ENDORSEMENT AGREEMENT.txt,10194,1534,2549,73,False
cuad,"SPRINGBANKPHARMACEUTICALS,INC_04_08_2020-EX-99.A-JOINT FILING AGREEMENT.txt","SPRINGBANKPHARMACEUTICALS,INC_04_08_2020-EX-99.A-JOINT FILING AGREEMENT","/data/source/personal/awesome-ai-engineer/project/data/raw/cuad/CUAD_v1/CUAD_v1/full_contract_txt/SPRINGBANKPHARMACEUTICALS,INC_04_08_2020-EX-99.A-JOINT FILING AGREEMENT.txt",1556,246,389,1,False
cuad,STAMPSCOMINC_06_24_1999-EX-10.18-SPONSORSHIP AGREEMENT.txt,STAMPSCOMINC_06_24_1999-EX-10.18-SPONSORSHIP AGREEMENT,/data/source/personal/awesome-ai-engineer/project/data/raw/cuad/CUAD_v1/CUAD_v1/full_contract_txt/STAMPSCOMINC_06_24_1999-EX-10.18-SPONSORSHIP AGREEMENT.txt,36330,5370,9083,291,False
cuad,STARTECGLOBALCOMMUNICATIONSCORP_11_16_1998-EX-10.30-CONSTRUCTION AND MAINTENANCE AGREEMENT.txt,STARTECGLOBALCOMMUNICATIONSCORP_11_16_1998-EX-10.30-CONSTRUCTION AND MAINTENANCE AGREEMENT,/data/source/personal/awesome-ai-engineer/project/data/raw/cuad/CUAD_v1/CUAD_v1/full_contract_txt/STARTECGLOBALCOMMUNICATIONSCORP_11_16_1998-EX-10.30-CONSTRUCTION AND MAINTENANCE AGREEMENT.txt,95230,14384,23808,1107,False
cuad,STWRESOURCESHOLDINGCORP_08_06_2014-EX-10.1-COOPERATION AGREEMENT.txt,STWRESOURCESHOLDINGCORP_08_06_2014-EX-10.1-COOPERATION AGREEMENT,/data/source/personal/awesome-ai-engineer/project/data/raw/cuad/CUAD_v1/CUAD_v1/full_contract_txt/STWRESOURCESHOLDINGCORP_08_06_2014-EX-10.1-COOPERATION AGREEMENT.txt,27035,4442,6759,71,False
cuad,"SUCAMPOPHARMACEUTICALS,INC_11_04_2015-EX-10.2-STRATEGIC ALLIANCE AGREEMENT.txt","SUCAMPOPHARMACEUTICALS,INC_11_04_2015-EX-10.2-STRATEGIC ALLIANCE AGREEMENT","/data/source/personal/awesome-ai-engineer/project/data/raw/cuad/CUAD_v1/CUAD_v1/full_contract_txt/SUCAMPOPHARMACEUTICALS,INC_11_04_2015-EX-10.2-STRATEGIC ALLIANCE AGREEMENT.txt",62168,9545,15542,149,False
cuad,SUMMAFOURINC_06_19_1998-EX-10.3-SOFTWARE LICENSE AND MAINTENANCE AGREEMENT.txt,SUMMAFOURINC_06_19_1998-EX-10.3-SOFTWARE LICENSE AND MAINTENANCE AGREEMENT,/data/source/personal/awesome-ai-engineer/project/data/raw/cuad/CUAD_v1/CUAD_v1/full_contract_txt/SUMMAFOURINC_06_19_1998-EX-10.3-SOFTWARE LICENSE AND MAINTENANCE AGREEMENT.txt,96360,13886,24090,1023,False
cuad,SUNTRONCORP_05_17_2006-EX-10.22-MAINTENANCE AGREEMENT.txt,SUNTRONCORP_05_17_2006-EX-10.22-MAINTENANCE AGREEMENT,/data/source/personal/awesome-ai-engineer/project/data/raw/cuad/CUAD_v1/CUAD_v1/full_contract_txt/SUNTRONCORP_05_17_2006-EX-10.22-MAINTENANCE AGREEMENT.txt,30308,4808,7577,169,False
cuad,SYKESHEALTHPLANSERVICESINC_04_24_1998-EX-10.14-OUTSOURCING AGREEMENT.txt,SYKESHEALTHPLANSERVICESINC_04_24_1998-EX-10.14-OUTSOURCING AGREEMENT,/data/source/personal/awesome-ai-engineer/project/data/raw/cuad/CUAD_v1/CUAD_v1/full_contract_txt/SYKESHEALTHPLANSERVICESINC_04_24_1998-EX-10.14-OUTSOURCING AGREEMENT.txt,11765,1870,2942,95,False
cuad,SalesforcecomInc_20171122_10-Q_EX-10.1_10961535_EX-10.1_Reseller Agreement.txt,SalesforcecomInc_20171122_10-Q_EX-10.1_10961535_EX-10.1_Reseller Agreement,/data/source/personal/awesome-ai-engineer/project/data/raw/cuad/CUAD_v1/CUAD_v1/full_contract_txt/SalesforcecomInc_20171122_10-Q_EX-10.1_10961535_EX-10.1_Reseller Agreement.txt,2931,433,733,31,False
cuad,ScansourceInc_20190509_10-Q_EX-10.2_11661422_EX-10.2_Distributor Agreement.txt,ScansourceInc_20190509_10-Q_EX-10.2_11661422_EX-10.2_Distributor Agreement,/data/source/personal/awesome-ai-engineer/project/data/raw/cuad/CUAD_v1/CUAD_v1/full_contract_txt/ScansourceInc_20190509_10-Q_EX-10.2_11661422_EX-10.2_Distributor Agreement.txt,14133,2099,3534,117,False
cuad,ScansourceInc_20190822_10-K_EX-10.38_11793958_EX-10.38_Distributor Agreement1.txt,ScansourceInc_20190822_10-K_EX-10.38_11793958_EX-10.38_Distributor Agreement1,/data/source/personal/awesome-ai-engineer/project/data/raw/cuad/CUAD_v1/CUAD_v1/full_contract_txt/ScansourceInc_20190822_10-K_EX-10.38_11793958_EX-10.38_Distributor Agreement1.txt,84247,12822,21062,641,False
cuad,ScansourceInc_20190822_10-K_EX-10.38_11793958_EX-10.38_Distributor Agreement2.txt,ScansourceInc_20190822_10-K_EX-10.38_11793958_EX-10.38_Distributor Agreement2,/data/source/personal/awesome-ai-engineer/project/data/raw/cuad/CUAD_v1/CUAD_v1/full_contract_txt/ScansourceInc_20190822_10-K_EX-10.38_11793958_EX-10.38_Distributor Agreement2.txt,13322,2044,3331,69,False
cuad,ScansourceInc_20190822_10-K_EX-10.39_11793959_EX-10.39_Distributor Agreement.txt,ScansourceInc_20190822_10-K_EX-10.39_11793959_EX-10.39_Distributor Agreement,/data/source/personal/awesome-ai-engineer/project/data/raw/cuad/CUAD_v1/CUAD_v1/full_contract_txt/ScansourceInc_20190822_10-K_EX-10.39_11793959_EX-10.39_Distributor Agreement.txt,10882,1599,2721,99,False
cuad,SigaTechnologiesInc_20190603_8-K_EX-10.1_11695818_EX-10.1_Promotion Agreement.txt,SigaTechnologiesInc_20190603_8-K_EX-10.1_11695818_EX-10.1_Promotion Agreement,/data/source/personal/awesome-ai-engineer/project/data/raw/cuad/CUAD_v1/CUAD_v1/full_contract_txt/SigaTechnologiesInc_20190603_8-K_EX-10.1_11695818_EX-10.1_Promotion Agreement.txt,144203,22236,36051,501,False
cuad,"SightLife Surgical, Inc. - STRATEGIC SALES _ MARKETING AGREEMENT.txt","SightLife Surgical, Inc. - STRATEGIC SALES _ MARKETING AGREEMENT","/data/source/personal/awesome-ai-engineer/project/data/raw/cuad/CUAD_v1/CUAD_v1/full_contract_txt/SightLife Surgical, Inc. - STRATEGIC SALES _ MARKETING AGREEMENT.txt",23334,3595,5834,21,False
cuad,SimplicityEsportsGamingCompany_20181130_8-K_EX-10.1_11444071_EX-10.1_Franchise Agreement.txt,SimplicityEsportsGamingCompany_20181130_8-K_EX-10.1_11444071_EX-10.1_Franchise Agreement,/data/source/personal/awesome-ai-engineer/project/data/raw/cuad/CUAD_v1/CUAD_v1/full_contract_txt/SimplicityEsportsGamingCompany_20181130_8-K_EX-10.1_11444071_EX-10.1_Franchise Agreement.txt,28497,4333,7125,35,False
cuad,SmartRxSystemsInc_20180914_1-A_EX1A-6 MAT CTRCT_11351705_EX1A-6 MAT CTRCT_Distributor Agreement.txt,SmartRxSystemsInc_20180914_1-A_EX1A-6 MAT CTRCT_11351705_EX1A-6 MAT CTRCT_Distributor Agreement,/data/source/personal/awesome-ai-engineer/project/data/raw/cuad/CUAD_v1/CUAD_v1/full_contract_txt/SmartRxSystemsInc_20180914_1-A_EX1A-6 MAT CTRCT_11351705_EX1A-6 MAT CTRCT_Distributor Agreement.txt,39916,6121,9979,107,False
cuad,"Sonos, Inc. - Manufacturing Agreement .txt","Sonos, Inc. - Manufacturing Agreement ","/data/source/personal/awesome-ai-engineer/project/data/raw/cuad/CUAD_v1/CUAD_v1/full_contract_txt/Sonos, Inc. - Manufacturing Agreement .txt",109031,16917,27258,709,False
cuad,SoupmanInc_20150814_8-K_EX-10.1_9230148_EX-10.1_Franchise Agreement1.txt,SoupmanInc_20150814_8-K_EX-10.1_9230148_EX-10.1_Franchise Agreement1,/data/source/personal/awesome-ai-engineer/project/data/raw/cuad/CUAD_v1/CUAD_v1/full_contract_txt/SoupmanInc_20150814_8-K_EX-10.1_9230148_EX-10.1_Franchise Agreement1.txt,142008,22733,35502,255,False
cuad,SoupmanInc_20150814_8-K_EX-10.1_9230148_EX-10.1_Franchise Agreement2.txt,SoupmanInc_20150814_8-K_EX-10.1_9230148_EX-10.1_Franchise Agreement2,/data/source/personal/awesome-ai-engineer/project/data/raw/cuad/CUAD_v1/CUAD_v1/full_contract_txt/SoupmanInc_20150814_8-K_EX-10.1_9230148_EX-10.1_Franchise Agreement2.txt,5343,837,1336,9,False
cuad,SoupmanInc_20150814_8-K_EX-10.1_9230148_EX-10.1_Franchise Agreement3.txt,SoupmanInc_20150814_8-K_EX-10.1_9230148_EX-10.1_Franchise Agreement3,/data/source/personal/awesome-ai-engineer/project/data/raw/cuad/CUAD_v1/CUAD_v1/full_contract_txt/SoupmanInc_20150814_8-K_EX-10.1_9230148_EX-10.1_Franchise Agreement3.txt,2965,437,742,23,False
cuad,SoupmanInc_20150814_8-K_EX-10.1_9230148_EX-10.1_Franchise Agreement4.txt,SoupmanInc_20150814_8-K_EX-10.1_9230148_EX-10.1_Franchise Agreement4,/data/source/personal/awesome-ai-engineer/project/data/raw/cuad/CUAD_v1/CUAD_v1/full_contract_txt/SoupmanInc_20150814_8-K_EX-10.1_9230148_EX-10.1_Franchise Agreement4.txt,3179,492,795,15,False
cuad,SouthernStarEnergyInc_20051202_SB-2A_EX-9_801890_EX-9_Affiliate Agreement.txt,SouthernStarEnergyInc_20051202_SB-2A_EX-9_801890_EX-9_Affiliate Agreement,/data/source/personal/awesome-ai-engineer/project/data/raw/cuad/CUAD_v1/CUAD_v1/full_contract_txt/SouthernStarEnergyInc_20051202_SB-2A_EX-9_801890_EX-9_Affiliate Agreement.txt,22693,3577,5674,117,False
cuad,StaarSurgicalCompany_20180801_10-Q_EX-10.37_11289449_EX-10.37_Distributor Agreement.txt,StaarSurgicalCompany_20180801_10-Q_EX-10.37_11289449_EX-10.37_Distributor Agreement,/data/source/personal/awesome-ai-engineer/project/data/raw/cuad/CUAD_v1/CUAD_v1/full_contract_txt/StaarSurgicalCompany_20180801_10-Q_EX-10.37_11289449_EX-10.37_Distributor Agreement.txt,49692,7647,12423,111,False
cuad,StampscomInc_20001114_10-Q_EX-10.47_2631630_EX-10.47_Co-Branding Agreement.txt,StampscomInc_20001114_10-Q_EX-10.47_2631630_EX-10.47_Co-Branding Agreement,/data/source/personal/awesome-ai-engineer/project/data/raw/cuad/CUAD_v1/CUAD_v1/full_contract_txt/StampscomInc_20001114_10-Q_EX-10.47_2631630_EX-10.47_Co-Branding Agreement.txt,77252,11441,19313,531,False
cuad,SteelVaultCorp_20081224_10-K_EX-10.16_3074935_EX-10.16_Affiliate Agreement.txt,SteelVaultCorp_20081224_10-K_EX-10.16_3074935_EX-10.16_Affiliate Agreement,/data/source/personal/awesome-ai-engineer/project/data/raw/cuad/CUAD_v1/CUAD_v1/full_contract_txt/SteelVaultCorp_20081224_10-K_EX-10.16_3074935_EX-10.16_Affiliate Agreement.txt,17673,2707,4419,49,False
cuad,TALCOTTRESOLUTIONLIFEINSURANCECO-SEPARATEACCOUNTTWELVE_04_30_2020-EX-99.8(L)-SERVICE AGREEMENT.txt,TALCOTTRESOLUTIONLIFEINSURANCECO-SEPARATEACCOUNTTWELVE_04_30_2020-EX-99.8(L)-SERVICE AGREEMENT,/data/source/personal/awesome-ai-engineer/project/data/raw/cuad/CUAD_v1/CUAD_v1/full_contract_txt/TALCOTTRESOLUTIONLIFEINSURANCECO-SEPARATEACCOUNTTWELVE_04_30_2020-EX-99.8(L)-SERVICE AGREEMENT.txt,29756,4723,7439,23,False
cuad,"TALLGRASSENERGY,LP_02_20_2020-EX-99.26-JOINT FILING AGREEMENT.txt","TALLGRASSENERGY,LP_02_20_2020-EX-99.26-JOINT FILING AGREEMENT","/data/source/personal/awesome-ai-engineer/project/data/raw/cuad/CUAD_v1/CUAD_v1/full_contract_txt/TALLGRASSENERGY,LP_02_20_2020-EX-99.26-JOINT FILING AGREEMENT.txt",3963,621,991,73,False
cuad,TEARDROPGOLFCO_10_23_1996-EX-10.12-ENDORSEMENT AGREEMENT.txt,TEARDROPGOLFCO_10_23_1996-EX-10.12-ENDORSEMENT AGREEMENT,/data/source/personal/awesome-ai-engineer/project/data/raw/cuad/CUAD_v1/CUAD_v1/full_contract_txt/TEARDROPGOLFCO_10_23_1996-EX-10.12-ENDORSEMENT AGREEMENT.txt,23798,3641,5950,219,False
cuad,TELEGLOBEINTERNATIONALHOLDINGSLTD_03_29_2004-EX-10.10-CONSTRUCTION AND MAINTENANCE AGREEMENT.txt,TELEGLOBEINTERNATIONALHOLDINGSLTD_03_29_2004-EX-10.10-CONSTRUCTION AND MAINTENANCE AGREEMENT,/data/source/personal/awesome-ai-engineer/project/data/raw/cuad/CUAD_v1/CUAD_v1/full_contract_txt/TELEGLOBEINTERNATIONALHOLDINGSLTD_03_29_2004-EX-10.10-CONSTRUCTION AND MAINTENANCE AGREEMENT.txt,92418,15086,23105,375,False
cuad,TELKOMSALTD_01_30_2003-EX-10-LICENCE AND MAINTENANCE AGREEMENT.txt,TELKOMSALTD_01_30_2003-EX-10-LICENCE AND MAINTENANCE AGREEMENT,/data/source/personal/awesome-ai-engineer/project/data/raw/cuad/CUAD_v1/CUAD_v1/full_contract_txt/TELKOMSALTD_01_30_2003-EX-10-LICENCE AND MAINTENANCE AGREEMENT.txt,98713,16009,24679,137,False
cuad,"THERAVANCEBIOPHARMA,INC_05_08_2020-EX-10.2-SERVICE AGREEMENT.txt","THERAVANCEBIOPHARMA,INC_05_08_2020-EX-10.2-SERVICE AGREEMENT","/data/source/personal/awesome-ai-engineer/project/data/raw/cuad/CUAD_v1/CUAD_v1/full_contract_txt/THERAVANCEBIOPHARMA,INC_05_08_2020-EX-10.2-SERVICE AGREEMENT.txt",32805,5293,8202,91,False
cuad,TICKETSCOMINC_06_22_1999-EX-10.22-SPONSORSHIP AGREEMENT.txt,TICKETSCOMINC_06_22_1999-EX-10.22-SPONSORSHIP AGREEMENT,/data/source/personal/awesome-ai-engineer/project/data/raw/cuad/CUAD_v1/CUAD_v1/full_contract_txt/TICKETSCOMINC_06_22_1999-EX-10.22-SPONSORSHIP AGREEMENT.txt,7577,1136,1895,39,False
cuad,TRANSMONTAIGNEPARTNERSLLC_03_13_2020-EX-10.9-SERVICES AGREEMENT.txt,TRANSMONTAIGNEPARTNERSLLC_03_13_2020-EX-10.9-SERVICES AGREEMENT,/data/source/personal/awesome-ai-engineer/project/data/raw/cuad/CUAD_v1/CUAD_v1/full_contract_txt/TRANSMONTAIGNEPARTNERSLLC_03_13_2020-EX-10.9-SERVICES AGREEMENT.txt,5874,880,1469,59,False
cuad,"TRANSPHORM,INC_02_14_2020-EX-10.12(1)-JOINT VENTURE AGREEMENT.txt","TRANSPHORM,INC_02_14_2020-EX-10.12(1)-JOINT VENTURE AGREEMENT","/data/source/personal/awesome-ai-engineer/project/data/raw/cuad/CUAD_v1/CUAD_v1/full_contract_txt/TRANSPHORM,INC_02_14_2020-EX-10.12(1)-JOINT VENTURE AGREEMENT.txt",95041,14851,23761,879,False
cuad,TRICITYBANKSHARESCORP_05_15_1998-EX-10-OUTSOURCING AGREEMENT.txt,TRICITYBANKSHARESCORP_05_15_1998-EX-10-OUTSOURCING AGREEMENT,/data/source/personal/awesome-ai-engineer/project/data/raw/cuad/CUAD_v1/CUAD_v1/full_contract_txt/TRICITYBANKSHARESCORP_05_15_1998-EX-10-OUTSOURCING AGREEMENT.txt,98538,15314,24635,615,False
cuad,TRIZETTOGROUPINC_08_18_1999-EX-10.17-TECHNICAL INFRASTRUCTURE MAINTENANCE AGREEMENT.txt,TRIZETTOGROUPINC_08_18_1999-EX-10.17-TECHNICAL INFRASTRUCTURE MAINTENANCE AGREEMENT,/data/source/personal/awesome-ai-engineer/project/data/raw/cuad/CUAD_v1/CUAD_v1/full_contract_txt/TRIZETTOGROUPINC_08_18_1999-EX-10.17-TECHNICAL INFRASTRUCTURE MAINTENANCE AGREEMENT.txt,14094,2179,3524,149,False
cuad,TRUENORTHENERGYCORP_02_08_2007-EX-10.1-DEVELOPMENT AGREEMENT.txt,TRUENORTHENERGYCORP_02_08_2007-EX-10.1-DEVELOPMENT AGREEMENT,/data/source/personal/awesome-ai-engineer/project/data/raw/cuad/CUAD_v1/CUAD_v1/full_contract_txt/TRUENORTHENERGYCORP_02_08_2007-EX-10.1-DEVELOPMENT AGREEMENT.txt,43459,6953,10865,287,False
cuad,TUNIUCORP_03_06_2014-EX-10-COOPERATION AGREEMENT.txt,TUNIUCORP_03_06_2014-EX-10-COOPERATION AGREEMENT,/data/source/personal/awesome-ai-engineer/project/data/raw/cuad/CUAD_v1/CUAD_v1/full_contract_txt/TUNIUCORP_03_06_2014-EX-10-COOPERATION AGREEMENT.txt,17805,2759,4452,163,False
cuad,"TURNKEYCAPITAL,INC_07_20_2017-EX-1.1-Strategic Alliance Agreement.txt","TURNKEYCAPITAL,INC_07_20_2017-EX-1.1-Strategic Alliance Agreement","/data/source/personal/awesome-ai-engineer/project/data/raw/cuad/CUAD_v1/CUAD_v1/full_contract_txt/TURNKEYCAPITAL,INC_07_20_2017-EX-1.1-Strategic Alliance Agreement.txt",12583,1986,3146,169,False
cuad,TcPipelinesLp_20160226_10-K_EX-99.12_9454048_EX-99.12_Transportation Agreement.txt,TcPipelinesLp_20160226_10-K_EX-99.12_9454048_EX-99.12_Transportation Agreement,/data/source/personal/awesome-ai-engineer/project/data/raw/cuad/CUAD_v1/CUAD_v1/full_contract_txt/TcPipelinesLp_20160226_10-K_EX-99.12_9454048_EX-99.12_Transportation Agreement.txt,6076,915,1519,113,False
cuad,TheglobeComInc_19990503_S-1A_EX-10.20_5416126_EX-10.20_Co-Branding Agreement.txt,TheglobeComInc_19990503_S-1A_EX-10.20_5416126_EX-10.20_Co-Branding Agreement,/data/source/personal/awesome-ai-engineer/project/data/raw/cuad/CUAD_v1/CUAD_v1/full_contract_txt/TheglobeComInc_19990503_S-1A_EX-10.20_5416126_EX-10.20_Co-Branding Agreement.txt,45351,6527,11338,319,False
cuad,ThriventVariableInsuranceAccountB_20190701_N-6_EX-99.D(IV)_11720968_EX-99.D(IV)_Endorsement Agreement.txt,ThriventVariableInsuranceAccountB_20190701_N-6_EX-99.D(IV)_11720968_EX-99.D(IV)_Endorsement Agreement,/data/source/personal/awesome-ai-engineer/project/data/raw/cuad/CUAD_v1/CUAD_v1/full_contract_txt/ThriventVariableInsuranceAccountB_20190701_N-6_EX-99.D(IV)_11720968_EX-99.D(IV)_Endorsement Agreement.txt,4863,735,1216,91,False
cuad,TodosMedicalLtd_20190328_20-F_EX-4.10_11587157_EX-4.10_Marketing Agreement_ Reseller Agreement.txt,TodosMedicalLtd_20190328_20-F_EX-4.10_11587157_EX-4.10_Marketing Agreement_ Reseller Agreement,/data/source/personal/awesome-ai-engineer/project/data/raw/cuad/CUAD_v1/CUAD_v1/full_contract_txt/TodosMedicalLtd_20190328_20-F_EX-4.10_11587157_EX-4.10_Marketing Agreement_ Reseller Agreement.txt,32268,5064,8067,79,False
cuad,TomOnlineInc_20060501_20-F_EX-4.46_749700_EX-4.46_Co-Branding Agreement.txt,TomOnlineInc_20060501_20-F_EX-4.46_749700_EX-4.46_Co-Branding Agreement,/data/source/personal/awesome-ai-engineer/project/data/raw/cuad/CUAD_v1/CUAD_v1/full_contract_txt/TomOnlineInc_20060501_20-F_EX-4.46_749700_EX-4.46_Co-Branding Agreement.txt,111976,17466,27994,535,False
cuad,TubeMediaCorp_20060310_8-K_EX-10.1_513921_EX-10.1_Affiliate Agreement.txt,TubeMediaCorp_20060310_8-K_EX-10.1_513921_EX-10.1_Affiliate Agreement,/data/source/personal/awesome-ai-engineer/project/data/raw/cuad/CUAD_v1/CUAD_v1/full_contract_txt/TubeMediaCorp_20060310_8-K_EX-10.1_513921_EX-10.1_Affiliate Agreement.txt,69181,10723,17296,161,False
cuad,UAGHINC_04_14_2004-EX-10.18-MAINTENANCE AGREEMENT.txt,UAGHINC_04_14_2004-EX-10.18-MAINTENANCE AGREEMENT,/data/source/personal/awesome-ai-engineer/project/data/raw/cuad/CUAD_v1/CUAD_v1/full_contract_txt/UAGHINC_04_14_2004-EX-10.18-MAINTENANCE AGREEMENT.txt,16654,2676,4164,37,False
cuad,ULTRAGENYXPHARMACEUTICALINC_12_23_2013-EX-10.9-SUPPLY AGREEMENT.txt,ULTRAGENYXPHARMACEUTICALINC_12_23_2013-EX-10.9-SUPPLY AGREEMENT,/data/source/personal/awesome-ai-engineer/project/data/raw/cuad/CUAD_v1/CUAD_v1/full_contract_txt/ULTRAGENYXPHARMACEUTICALINC_12_23_2013-EX-10.9-SUPPLY AGREEMENT.txt,14530,2208,3633,159,False
cuad,"UNITEDNATIONALBANCORP_03_03_1999-EX-99-Outsourcing Agreement with the BISYS Group, Inc..txt","UNITEDNATIONALBANCORP_03_03_1999-EX-99-Outsourcing Agreement with the BISYS Group, Inc.","/data/source/personal/awesome-ai-engineer/project/data/raw/cuad/CUAD_v1/CUAD_v1/full_contract_txt/UNITEDNATIONALBANCORP_03_03_1999-EX-99-Outsourcing Agreement with the BISYS Group, Inc..txt",1867,277,467,11,False
cuad,URSCORPNEW_03_17_2014-EX-99-COOPERATION AGREEMENT.txt,URSCORPNEW_03_17_2014-EX-99-COOPERATION AGREEMENT,/data/source/personal/awesome-ai-engineer/project/data/raw/cuad/CUAD_v1/CUAD_v1/full_contract_txt/URSCORPNEW_03_17_2014-EX-99-COOPERATION AGREEMENT.txt,37085,5992,9272,271,False
cuad,USASYNTHETICFUELCORP_10_21_2010-EX-10.10-STRATEGIC ALLIANCE AGREEMENT.txt,USASYNTHETICFUELCORP_10_21_2010-EX-10.10-STRATEGIC ALLIANCE AGREEMENT,/data/source/personal/awesome-ai-engineer/project/data/raw/cuad/CUAD_v1/CUAD_v1/full_contract_txt/USASYNTHETICFUELCORP_10_21_2010-EX-10.10-STRATEGIC ALLIANCE AGREEMENT.txt,51221,8017,12806,39,False
cuad,UnionDentalHoldingsInc_20050204_8-KA_EX-10_3345577_EX-10_Affiliate Agreement.txt,UnionDentalHoldingsInc_20050204_8-KA_EX-10_3345577_EX-10_Affiliate Agreement,/data/source/personal/awesome-ai-engineer/project/data/raw/cuad/CUAD_v1/CUAD_v1/full_contract_txt/UnionDentalHoldingsInc_20050204_8-KA_EX-10_3345577_EX-10_Affiliate Agreement.txt,12128,1843,3032,101,False
cuad,UpjohnInc_20200121_10-12G_EX-2.6_11948692_EX-2.6_Manufacturing Agreement_ Supply Agreement.txt,UpjohnInc_20200121_10-12G_EX-2.6_11948692_EX-2.6_Manufacturing Agreement_ Supply Agreement,/data/source/personal/awesome-ai-engineer/project/data/raw/cuad/CUAD_v1/CUAD_v1/full_contract_txt/UpjohnInc_20200121_10-12G_EX-2.6_11948692_EX-2.6_Manufacturing Agreement_ Supply Agreement.txt,224770,33941,56193,565,False
cuad,UsioInc_20040428_SB-2_EX-10.11_1723988_EX-10.11_Affiliate Agreement 2.txt,UsioInc_20040428_SB-2_EX-10.11_1723988_EX-10.11_Affiliate Agreement 2,/data/source/personal/awesome-ai-engineer/project/data/raw/cuad/CUAD_v1/CUAD_v1/full_contract_txt/UsioInc_20040428_SB-2_EX-10.11_1723988_EX-10.11_Affiliate Agreement 2.txt,24238,3739,6060,129,False
cuad,VALENCETECHNOLOGYINC_02_14_2003-EX-10-JOINT VENTURE CONTRACT.txt,VALENCETECHNOLOGYINC_02_14_2003-EX-10-JOINT VENTURE CONTRACT,/data/source/personal/awesome-ai-engineer/project/data/raw/cuad/CUAD_v1/CUAD_v1/full_contract_txt/VALENCETECHNOLOGYINC_02_14_2003-EX-10-JOINT VENTURE CONTRACT.txt,69568,11000,17392,877,False
cuad,"VAPOTHERM, INC. - Manufacturing and Supply Agreement.txt","VAPOTHERM, INC. - Manufacturing and Supply Agreement","/data/source/personal/awesome-ai-engineer/project/data/raw/cuad/CUAD_v1/CUAD_v1/full_contract_txt/VAPOTHERM, INC. - Manufacturing and Supply Agreement.txt",75504,11480,18876,523,False
cuad,VARIABLESEPARATEACCOUNT_04_30_2014-EX-13.C-UNCONDITIONAL CAPITAL MAINTENANCE AGREEMENT.txt,VARIABLESEPARATEACCOUNT_04_30_2014-EX-13.C-UNCONDITIONAL CAPITAL MAINTENANCE AGREEMENT,/data/source/personal/awesome-ai-engineer/project/data/raw/cuad/CUAD_v1/CUAD_v1/full_contract_txt/VARIABLESEPARATEACCOUNT_04_30_2014-EX-13.C-UNCONDITIONAL CAPITAL MAINTENANCE AGREEMENT.txt,15032,2379,3758,91,False
cuad,"VAXCYTE,INC_05_22_2020-EX-10.19-SUPPLY AGREEMENT.txt","VAXCYTE,INC_05_22_2020-EX-10.19-SUPPLY AGREEMENT","/data/source/personal/awesome-ai-engineer/project/data/raw/cuad/CUAD_v1/CUAD_v1/full_contract_txt/VAXCYTE,INC_05_22_2020-EX-10.19-SUPPLY AGREEMENT.txt",99564,15150,24891,405,False
cuad,"VEONEER,INC_02_21_2020-EX-10.11-JOINT VENTURE AGREEMENT.txt","VEONEER,INC_02_21_2020-EX-10.11-JOINT VENTURE AGREEMENT","/data/source/personal/awesome-ai-engineer/project/data/raw/cuad/CUAD_v1/CUAD_v1/full_contract_txt/VEONEER,INC_02_21_2020-EX-10.11-JOINT VENTURE AGREEMENT.txt",8245,1333,2062,81,False
cuad,VERICELCORP_08_06_2019-EX-10.10-SUPPLY AGREEMENT.txt,VERICELCORP_08_06_2019-EX-10.10-SUPPLY AGREEMENT,/data/source/personal/awesome-ai-engineer/project/data/raw/cuad/CUAD_v1/CUAD_v1/full_contract_txt/VERICELCORP_08_06_2019-EX-10.10-SUPPLY AGREEMENT.txt,101819,15728,25455,699,False
cuad,VERSOTECHNOLOGIESINC_12_28_2007-EX-99.3-INTELLECTUAL PROPERTY AGREEMENT.txt,VERSOTECHNOLOGIESINC_12_28_2007-EX-99.3-INTELLECTUAL PROPERTY AGREEMENT,/data/source/personal/awesome-ai-engineer/project/data/raw/cuad/CUAD_v1/CUAD_v1/full_contract_txt/VERSOTECHNOLOGIESINC_12_28_2007-EX-99.3-INTELLECTUAL PROPERTY AGREEMENT.txt,4939,739,1235,55,False
cuad,VERTEXENERGYINC_08_14_2014-EX-10.24-OPERATION AND MAINTENANCE AGREEMENT.txt,VERTEXENERGYINC_08_14_2014-EX-10.24-OPERATION AND MAINTENANCE AGREEMENT,/data/source/personal/awesome-ai-engineer/project/data/raw/cuad/CUAD_v1/CUAD_v1/full_contract_txt/VERTEXENERGYINC_08_14_2014-EX-10.24-OPERATION AND MAINTENANCE AGREEMENT.txt,56679,8575,14170,393,False
cuad,VERTICALNETINC_04_01_2002-EX-10.19-MAINTENANCE AND SUPPORT AGREEMENT.txt,VERTICALNETINC_04_01_2002-EX-10.19-MAINTENANCE AND SUPPORT AGREEMENT,/data/source/personal/awesome-ai-engineer/project/data/raw/cuad/CUAD_v1/CUAD_v1/full_contract_txt/VERTICALNETINC_04_01_2002-EX-10.19-MAINTENANCE AND SUPPORT AGREEMENT.txt,69758,10669,17440,399,False
cuad,VIOLINMEMORYINC_12_12_2012-EX-10.14-SPONSORSHIP AGREEMENT.txt,VIOLINMEMORYINC_12_12_2012-EX-10.14-SPONSORSHIP AGREEMENT,/data/source/personal/awesome-ai-engineer/project/data/raw/cuad/CUAD_v1/CUAD_v1/full_contract_txt/VIOLINMEMORYINC_12_12_2012-EX-10.14-SPONSORSHIP AGREEMENT.txt,53668,8414,13417,491,False
cuad,"VIRGINGALACTICHOLDINGS,INC_04_08_2020-EX-99.1-JOINT FILING STATEMENT.txt","VIRGINGALACTICHOLDINGS,INC_04_08_2020-EX-99.1-JOINT FILING STATEMENT","/data/source/personal/awesome-ai-engineer/project/data/raw/cuad/CUAD_v1/CUAD_v1/full_contract_txt/VIRGINGALACTICHOLDINGS,INC_04_08_2020-EX-99.1-JOINT FILING STATEMENT.txt",1194,188,299,13,False
cuad,"VIRTUALSCOPICS,INC_11_12_2010-EX-10.1-STRATEGIC ALLIANCE AGREEMENT.txt","VIRTUALSCOPICS,INC_11_12_2010-EX-10.1-STRATEGIC ALLIANCE AGREEMENT","/data/source/personal/awesome-ai-engineer/project/data/raw/cuad/CUAD_v1/CUAD_v1/full_contract_txt/VIRTUALSCOPICS,INC_11_12_2010-EX-10.1-STRATEGIC ALLIANCE AGREEMENT.txt",45841,7251,11461,101,False
cuad,"VISIUMTECHNOLOGIES,INC_10_20_2004-EX-10.20-DISTRIBUTOR AGREEMENT.txt","VISIUMTECHNOLOGIES,INC_10_20_2004-EX-10.20-DISTRIBUTOR AGREEMENT","/data/source/personal/awesome-ai-engineer/project/data/raw/cuad/CUAD_v1/CUAD_v1/full_contract_txt/VISIUMTECHNOLOGIES,INC_10_20_2004-EX-10.20-DISTRIBUTOR AGREEMENT.txt",48298,7653,12075,291,False
cuad,VITAMINSHOPPECOMINC_09_13_1999-EX-10.26-SPONSORSHIP AGREEMENT.txt,VITAMINSHOPPECOMINC_09_13_1999-EX-10.26-SPONSORSHIP AGREEMENT,/data/source/personal/awesome-ai-engineer/project/data/raw/cuad/CUAD_v1/CUAD_v1/full_contract_txt/VITAMINSHOPPECOMINC_09_13_1999-EX-10.26-SPONSORSHIP AGREEMENT.txt,57718,7995,14430,395,False
cuad,"VIVINT SOLAR, INC. - NON-COMPETITION AGREEMENT.txt","VIVINT SOLAR, INC. - NON-COMPETITION AGREEMENT","/data/source/personal/awesome-ai-engineer/project/data/raw/cuad/CUAD_v1/CUAD_v1/full_contract_txt/VIVINT SOLAR, INC. - NON-COMPETITION AGREEMENT.txt",3451,506,863,39,False
cuad,"VNUE,INC_07_10_2015-EX-10.1-SPONSORSHIP AGREEMENT.txt","VNUE,INC_07_10_2015-EX-10.1-SPONSORSHIP AGREEMENT","/data/source/personal/awesome-ai-engineer/project/data/raw/cuad/CUAD_v1/CUAD_v1/full_contract_txt/VNUE,INC_07_10_2015-EX-10.1-SPONSORSHIP AGREEMENT.txt",20241,3204,5061,41,False
cuad,VerizonAbsLlc_20200123_8-K_EX-10.4_11952335_EX-10.4_Service Agreement.txt,VerizonAbsLlc_20200123_8-K_EX-10.4_11952335_EX-10.4_Service Agreement,/data/source/personal/awesome-ai-engineer/project/data/raw/cuad/CUAD_v1/CUAD_v1/full_contract_txt/VerizonAbsLlc_20200123_8-K_EX-10.4_11952335_EX-10.4_Service Agreement.txt,289187,45130,72297,2269,False
cuad,VertexEnergyInc_20200113_8-K_EX-10.1_11943624_EX-10.1_Marketing Agreement.txt,VertexEnergyInc_20200113_8-K_EX-10.1_11943624_EX-10.1_Marketing Agreement,/data/source/personal/awesome-ai-engineer/project/data/raw/cuad/CUAD_v1/CUAD_v1/full_contract_txt/VertexEnergyInc_20200113_8-K_EX-10.1_11943624_EX-10.1_Marketing Agreement.txt,45016,7260,11254,61,False
cuad,VgrabCommunicationsInc_20200129_10-K_EX-10.33_11958828_EX-10.33_Development Agreement.txt,VgrabCommunicationsInc_20200129_10-K_EX-10.33_11958828_EX-10.33_Development Agreement,/data/source/personal/awesome-ai-engineer/project/data/raw/cuad/CUAD_v1/CUAD_v1/full_contract_txt/VgrabCommunicationsInc_20200129_10-K_EX-10.33_11958828_EX-10.33_Development Agreement.txt,14790,2260,3698,189,False
cuad,VirtuosoSurgicalInc_20191227_1-A_EX1A-6 MAT CTRCT_11933379_EX1A-6 MAT CTRCT_License Agreement.txt,VirtuosoSurgicalInc_20191227_1-A_EX1A-6 MAT CTRCT_11933379_EX1A-6 MAT CTRCT_License Agreement,/data/source/personal/awesome-ai-engineer/project/data/raw/cuad/CUAD_v1/CUAD_v1/full_contract_txt/VirtuosoSurgicalInc_20191227_1-A_EX1A-6 MAT CTRCT_11933379_EX1A-6 MAT CTRCT_License Agreement.txt,35833,5669,8959,145,False
cuad,VitalibisInc_20180316_8-K_EX-10.2_11100168_EX-10.2_Hosting Agreement.txt,VitalibisInc_20180316_8-K_EX-10.2_11100168_EX-10.2_Hosting Agreement,/data/source/personal/awesome-ai-engineer/project/data/raw/cuad/CUAD_v1/CUAD_v1/full_contract_txt/VitalibisInc_20180316_8-K_EX-10.2_11100168_EX-10.2_Hosting Agreement.txt,45829,7010,11458,83,False
cuad,VnueInc_20150914_8-K_EX-10.1_9259571_EX-10.1_Promotion Agreement.txt,VnueInc_20150914_8-K_EX-10.1_9259571_EX-10.1_Promotion Agreement,/data/source/personal/awesome-ai-engineer/project/data/raw/cuad/CUAD_v1/CUAD_v1/full_contract_txt/VnueInc_20150914_8-K_EX-10.1_9259571_EX-10.1_Promotion Agreement.txt,10454,1634,2614,11,False
cuad,WARNERCHILCOTTPLC_12_31_2003-EX-4.36-DEVELOPMENT AGREEMENT.txt,WARNERCHILCOTTPLC_12_31_2003-EX-4.36-DEVELOPMENT AGREEMENT,/data/source/personal/awesome-ai-engineer/project/data/raw/cuad/CUAD_v1/CUAD_v1/full_contract_txt/WARNERCHILCOTTPLC_12_31_2003-EX-4.36-DEVELOPMENT AGREEMENT.txt,25910,4125,6478,245,False
cuad,WARNINGMANAGEMENTSERVICESINC_12_10_1999-EX-10-ENDORSEMENT AGREEMENT.txt,WARNINGMANAGEMENTSERVICESINC_12_10_1999-EX-10-ENDORSEMENT AGREEMENT,/data/source/personal/awesome-ai-engineer/project/data/raw/cuad/CUAD_v1/CUAD_v1/full_contract_txt/WARNINGMANAGEMENTSERVICESINC_12_10_1999-EX-10-ENDORSEMENT AGREEMENT.txt,28791,4599,7198,141,False
cuad,"WASTE2ENERGYHOLDINGS,INC_06_03_2010-EX-10.2-STRATEGIC ALLIANCE AGREEMENT.txt","WASTE2ENERGYHOLDINGS,INC_06_03_2010-EX-10.2-STRATEGIC ALLIANCE AGREEMENT","/data/source/personal/awesome-ai-engineer/project/data/raw/cuad/CUAD_v1/CUAD_v1/full_contract_txt/WASTE2ENERGYHOLDINGS,INC_06_03_2010-EX-10.2-STRATEGIC ALLIANCE AGREEMENT.txt",39111,6174,9778,69,False
cuad,WEBHELPCOMINC_03_22_2000-EX-10.8-HOSTING AGREEMENT.txt,WEBHELPCOMINC_03_22_2000-EX-10.8-HOSTING AGREEMENT,/data/source/personal/awesome-ai-engineer/project/data/raw/cuad/CUAD_v1/CUAD_v1/full_contract_txt/WEBHELPCOMINC_03_22_2000-EX-10.8-HOSTING AGREEMENT.txt,19049,2955,4763,81,False
cuad,WELLSFARGOMORTGAGEBACKEDSECURITIES2006-6TRUST_05_11_2006-EX-10.3-Yield Maintenance Agreement.txt,WELLSFARGOMORTGAGEBACKEDSECURITIES2006-6TRUST_05_11_2006-EX-10.3-Yield Maintenance Agreement,/data/source/personal/awesome-ai-engineer/project/data/raw/cuad/CUAD_v1/CUAD_v1/full_contract_txt/WELLSFARGOMORTGAGEBACKEDSECURITIES2006-6TRUST_05_11_2006-EX-10.3-Yield Maintenance Agreement.txt,33468,5285,8367,265,False
cuad,WESTERN COPPER - NON-COMPETITION AGREEMENT.txt,WESTERN COPPER - NON-COMPETITION AGREEMENT,/data/source/personal/awesome-ai-engineer/project/data/raw/cuad/CUAD_v1/CUAD_v1/full_contract_txt/WESTERN COPPER - NON-COMPETITION AGREEMENT.txt,16237,2618,4060,223,False
cuad,"WHITESMOKE,INC_11_08_2011-EX-10.26-PROMOTION AND DISTRIBUTION AGREEMENT.txt","WHITESMOKE,INC_11_08_2011-EX-10.26-PROMOTION AND DISTRIBUTION AGREEMENT","/data/source/personal/awesome-ai-engineer/project/data/raw/cuad/CUAD_v1/CUAD_v1/full_contract_txt/WHITESMOKE,INC_11_08_2011-EX-10.26-PROMOTION AND DISTRIBUTION AGREEMENT.txt",68701,10351,17176,486,False
cuad,WOMENSGOLFUNLIMITEDINC_03_29_2000-EX-10.13-ENDORSEMENT AGREEMENT - Intellectual Property Rights                 Confidentiality and Non-Use Obligations Agreement.txt,WOMENSGOLFUNLIMITEDINC_03_29_2000-EX-10.13-ENDORSEMENT AGREEMENT - Intellectual Property Rights                 Confidentiality and Non-Use Obligations Agreement,/data/source/personal/awesome-ai-engineer/project/data/raw/cuad/CUAD_v1/CUAD_v1/full_contract_txt/WOMENSGOLFUNLIMITEDINC_03_29_2000-EX-10.13-ENDORSEMENT AGREEMENT - Intellectual Property Rights                 Confidentiality and Non-Use Obligations Agreement.txt,6356,938,1589,65,False
cuad,WOMENSGOLFUNLIMITEDINC_03_29_2000-EX-10.13-ENDORSEMENT AGREEMENT.txt,WOMENSGOLFUNLIMITEDINC_03_29_2000-EX-10.13-ENDORSEMENT AGREEMENT,/data/source/personal/awesome-ai-engineer/project/data/raw/cuad/CUAD_v1/CUAD_v1/full_contract_txt/WOMENSGOLFUNLIMITEDINC_03_29_2000-EX-10.13-ENDORSEMENT AGREEMENT.txt,28871,4534,7218,255,False
cuad,WORLDWIDESTRATEGIESINC_11_02_2005-EX-10-RESELLER AGREEMENT.txt,WORLDWIDESTRATEGIESINC_11_02_2005-EX-10-RESELLER AGREEMENT,/data/source/personal/awesome-ai-engineer/project/data/raw/cuad/CUAD_v1/CUAD_v1/full_contract_txt/WORLDWIDESTRATEGIESINC_11_02_2005-EX-10-RESELLER AGREEMENT.txt,71436,10824,17859,485,False
cuad,WPPPLC_04_30_2020-EX-4.28-SERVICE AGREEMENT.txt,WPPPLC_04_30_2020-EX-4.28-SERVICE AGREEMENT,/data/source/personal/awesome-ai-engineer/project/data/raw/cuad/CUAD_v1/CUAD_v1/full_contract_txt/WPPPLC_04_30_2020-EX-4.28-SERVICE AGREEMENT.txt,65455,10951,16364,227,False
cuad,WatchitMediaInc_20061201_8-K_EX-10.1_4148672_EX-10.1_Content License Agreement.txt,WatchitMediaInc_20061201_8-K_EX-10.1_4148672_EX-10.1_Content License Agreement,/data/source/personal/awesome-ai-engineer/project/data/raw/cuad/CUAD_v1/CUAD_v1/full_contract_txt/WatchitMediaInc_20061201_8-K_EX-10.1_4148672_EX-10.1_Content License Agreement.txt,2093,340,524,37,False
cuad,WaterNowInc_20191120_10-Q_EX-10.12_11900227_EX-10.12_Distributor Agreement.txt,WaterNowInc_20191120_10-Q_EX-10.12_11900227_EX-10.12_Distributor Agreement,/data/source/personal/awesome-ai-engineer/project/data/raw/cuad/CUAD_v1/CUAD_v1/full_contract_txt/WaterNowInc_20191120_10-Q_EX-10.12_11900227_EX-10.12_Distributor Agreement.txt,48346,7396,12087,109,False
cuad,WebmdHealthCorp_20050908_S-1A_EX-10.7_1027007_EX-10.7_Content License Agreement.txt,WebmdHealthCorp_20050908_S-1A_EX-10.7_1027007_EX-10.7_Content License Agreement,/data/source/personal/awesome-ai-engineer/project/data/raw/cuad/CUAD_v1/CUAD_v1/full_contract_txt/WebmdHealthCorp_20050908_S-1A_EX-10.7_1027007_EX-10.7_Content License Agreement.txt,14894,2356,3724,127,False
cuad,WestPharmaceuticalServicesInc_20200116_8-K_EX-10.1_11947529_EX-10.1_Supply Agreement.txt,WestPharmaceuticalServicesInc_20200116_8-K_EX-10.1_11947529_EX-10.1_Supply Agreement,/data/source/personal/awesome-ai-engineer/project/data/raw/cuad/CUAD_v1/CUAD_v1/full_contract_txt/WestPharmaceuticalServicesInc_20200116_8-K_EX-10.1_11947529_EX-10.1_Supply Agreement.txt,82802,12509,20701,527,False
cuad,"XACCT Technologies, Inc.SUPPORT AND MAINTENANCE AGREEMENT.txt","XACCT Technologies, Inc.SUPPORT AND MAINTENANCE AGREEMENT","/data/source/personal/awesome-ai-engineer/project/data/raw/cuad/CUAD_v1/CUAD_v1/full_contract_txt/XACCT Technologies, Inc.SUPPORT AND MAINTENANCE AGREEMENT.txt",12013,1787,3004,105,False
cuad,XENCORINC_10_25_2013-EX-10.24-COLLABORATION AGREEMENT (3).txt,XENCORINC_10_25_2013-EX-10.24-COLLABORATION AGREEMENT (3),/data/source/personal/awesome-ai-engineer/project/data/raw/cuad/CUAD_v1/CUAD_v1/full_contract_txt/XENCORINC_10_25_2013-EX-10.24-COLLABORATION AGREEMENT (3).txt,133545,18791,33387,2121,False
cuad,"XLITECHNOLOGIES,INC_12_02_2015-EX-10.02-STRATEGIC ALLIANCE AGREEMENT.txt","XLITECHNOLOGIES,INC_12_02_2015-EX-10.02-STRATEGIC ALLIANCE AGREEMENT","/data/source/personal/awesome-ai-engineer/project/data/raw/cuad/CUAD_v1/CUAD_v1/full_contract_txt/XLITECHNOLOGIES,INC_12_02_2015-EX-10.02-STRATEGIC ALLIANCE AGREEMENT.txt",5708,874,1427,7,False
cuad,"XLITECHNOLOGIES,INC_12_11_2015-EX-10.1-Sponsorship Agreement.txt","XLITECHNOLOGIES,INC_12_11_2015-EX-10.1-Sponsorship Agreement","/data/source/personal/awesome-ai-engineer/project/data/raw/cuad/CUAD_v1/CUAD_v1/full_contract_txt/XLITECHNOLOGIES,INC_12_11_2015-EX-10.1-Sponsorship Agreement.txt",18027,2847,4507,29,False
cuad,XYBERNAUTCORP_07_12_2002-EX-4-SPONSORSHIP AGREEMENT.txt,XYBERNAUTCORP_07_12_2002-EX-4-SPONSORSHIP AGREEMENT,/data/source/personal/awesome-ai-engineer/project/data/raw/cuad/CUAD_v1/CUAD_v1/full_contract_txt/XYBERNAUTCORP_07_12_2002-EX-4-SPONSORSHIP AGREEMENT.txt,40991,6635,10248,277,False
cuad,XinhuaSportsEntertainmentLtd_20070221_F-1_EX-99.4_645553_EX-99.4_Content License Agreement.txt,XinhuaSportsEntertainmentLtd_20070221_F-1_EX-99.4_645553_EX-99.4_Content License Agreement,/data/source/personal/awesome-ai-engineer/project/data/raw/cuad/CUAD_v1/CUAD_v1/full_contract_txt/XinhuaSportsEntertainmentLtd_20070221_F-1_EX-99.4_645553_EX-99.4_Content License Agreement.txt,16211,2434,4053,253,False
cuad,XpresspaGroupInc_20190401_10-K_EX-10.28_11599457_EX-10.28_Marketing Agreement.txt,XpresspaGroupInc_20190401_10-K_EX-10.28_11599457_EX-10.28_Marketing Agreement,/data/source/personal/awesome-ai-engineer/project/data/raw/cuad/CUAD_v1/CUAD_v1/full_contract_txt/XpresspaGroupInc_20190401_10-K_EX-10.28_11599457_EX-10.28_Marketing Agreement.txt,52017,8455,13005,135,False
cuad,ZEBRATECHNOLOGIESCORP_04_16_2014-EX-10.1-INTELLECTUAL PROPERTY AGREEMENT.txt,ZEBRATECHNOLOGIESCORP_04_16_2014-EX-10.1-INTELLECTUAL PROPERTY AGREEMENT,/data/source/personal/awesome-ai-engineer/project/data/raw/cuad/CUAD_v1/CUAD_v1/full_contract_txt/ZEBRATECHNOLOGIESCORP_04_16_2014-EX-10.1-INTELLECTUAL PROPERTY AGREEMENT.txt,126947,19576,31737,513,False
cuad,ZONDWINDSYSTEMPARTNERSLTDSERIES85-B_04_03_2006-EX-10-MANAGEMENT AND MAINTENANCE AGREEMENT.txt,ZONDWINDSYSTEMPARTNERSLTDSERIES85-B_04_03_2006-EX-10-MANAGEMENT AND MAINTENANCE AGREEMENT,/data/source/personal/awesome-ai-engineer/project/data/raw/cuad/CUAD_v1/CUAD_v1/full_contract_txt/ZONDWINDSYSTEMPARTNERSLTDSERIES85-B_04_03_2006-EX-10-MANAGEMENT AND MAINTENANCE AGREEMENT.txt,9635,1337,2409,137,False
cuad,ZogenixInc_20190509_10-Q_EX-10.2_11663313_EX-10.2_Distributor Agreement.txt,ZogenixInc_20190509_10-Q_EX-10.2_11663313_EX-10.2_Distributor Agreement,/data/source/personal/awesome-ai-engineer/project/data/raw/cuad/CUAD_v1/CUAD_v1/full_contract_txt/ZogenixInc_20190509_10-Q_EX-10.2_11663313_EX-10.2_Distributor Agreement.txt,175502,26435,43876,1273,False
cuad,"Zounds Hearing, Inc. - MANUFACTURING DESIGN MARKETING AGREEMENT.txt","Zounds Hearing, Inc. - MANUFACTURING DESIGN MARKETING AGREEMENT","/data/source/personal/awesome-ai-engineer/project/data/raw/cuad/CUAD_v1/CUAD_v1/full_contract_txt/Zounds Hearing, Inc. - MANUFACTURING DESIGN MARKETING AGREEMENT.txt",46969,6896,11743,73,False
cuad,ZtoExpressCaymanInc_20160930_F-1_EX-10.10_9752871_EX-10.10_Transportation Agreement.txt,ZtoExpressCaymanInc_20160930_F-1_EX-10.10_9752871_EX-10.10_Transportation Agreement,/data/source/personal/awesome-ai-engineer/project/data/raw/cuad/CUAD_v1/CUAD_v1/full_contract_txt/ZtoExpressCaymanInc_20160930_F-1_EX-10.10_9752871_EX-10.10_Transportation Agreement.txt,9037,1468,2260,21,False
