run_name,model_family,window_size,alpha,hidden_size,num_layers,dropout,batch_size,max_epochs,learning_rate,val_mae,val_rmse,val_mape,test_mae,test_rmse,test_mape
B3_ridge_lag_features,ridge_tabular,,30.0,,,,,,,4.085098290969736,5.30927072523201,2.7402862570744233,3.8929731579165066,5.12821100931654,2.524531718722265
B1_naive_last,baseline,,,,,,,,,6.444814814814815,8.20102295260389,4.39792166354992,6.342438271604938,8.05906919540317,4.1485481293996385
R1_gru_forecast,gru,168.0,,32.0,1.0,0.0,128.0,20.0,0.001,6.5951619148254395,8.23014430423639,4.4113287925720215,7.112951755523682,8.93429315829077,4.577859878540039
B2_moving_average_24,baseline,,,,,,,,,13.397980324074075,16.169903600881327,9.198833855974383,13.140498328189299,16.110843507291253,8.738700599532747
